start_interval_Timestamp,Opening,Highest,Lowest,Closing,Volume,end_interval_Timestamp
2022-04-08 00:00:00,43465.23000000,43975.83000000,42106.44000000,42287.25000000,85.41257000,2022-04-08 23:59:59.999000
2022-04-09 00:00:00,42240.35000000,42792.28000000,42131.46000000,42776.93000000,35.56458000,2022-04-09 23:59:59.999000
2022-04-10 00:00:00,42775.68000000,43410.43000000,41872.61000000,42082.48000000,62.87837300,2022-04-10 23:59:59.999000
2022-04-11 00:00:00,42082.25000000,42406.01000000,39211.50000000,39530.20000000,160.30055300,2022-04-11 23:59:59.999000
2022-04-12 00:00:00,39529.98000000,40778.42000000,39260.45000000,40103.50000000,176.03696300,2022-04-12 23:59:59.999000
2022-04-13 00:00:00,40049.71000000,41566.78000000,39576.42000000,41133.85000000,181.51742400,2022-04-13 23:59:59.999000
2022-04-14 00:00:00,41074.45000000,41492.74000000,39564.77000000,39905.52000000,104.64233600,2022-04-14 23:59:59.999000
2022-04-15 00:00:00,39942.37000000,40850.16000000,39777.49000000,40569.57000000,73.86684700,2022-04-15 23:59:59.999000
2022-04-16 00:00:00,40553.78000000,40702.54000000,40000.00000000,40377.60000000,51.37600900,2022-04-16 23:59:59.999000
2022-04-17 00:00:00,40377.60000000,40593.69000000,39550.00000000,39682.49000000,66.61467300,2022-04-17 23:59:59.999000
2022-04-18 00:00:00,39671.76000000,41077.28000000,38549.85000000,40816.76000000,200.17010200,2022-04-18 23:59:59.999000
2022-04-19 00:00:00,40804.20000000,41772.07000000,40577.18000000,41488.98000000,111.76525200,2022-04-19 23:59:59.999000
2022-04-20 00:00:00,41480.93000000,42197.75000000,40847.45000000,41368.12000000,90.06271100,2022-04-20 23:59:59.999000
2022-04-21 00:00:00,41366.50000000,42966.94000000,39781.04000000,40489.91000000,163.41359100,2022-04-21 23:59:59.999000
2022-04-22 00:00:00,40471.80000000,40789.48000000,39184.92000000,39720.26000000,133.77744000,2022-04-22 23:59:59.999000
2022-04-23 00:00:00,39709.18000000,39977.12000000,39283.86000000,39428.27000000,53.50452400,2022-04-23 23:59:59.999000
2022-04-24 00:00:00,39443.96000000,39927.78000000,38977.06000000,39434.87000000,123.03898200,2022-04-24 23:59:59.999000
2022-04-25 00:00:00,39450.12000000,40595.71000000,38200.00000000,40424.99000000,268.12527400,2022-04-25 23:59:59.999000
2022-04-26 00:00:00,40424.99000000,40784.28000000,37706.39000000,38131.45000000,172.76446300,2022-04-26 23:59:59.999000
2022-04-27 00:00:00,38119.83000000,39464.51000000,37887.00000000,39220.80000000,165.27580400,2022-04-27 23:59:59.999000
2022-04-28 00:00:00,39240.60000000,40374.52000000,38887.29000000,39749.70000000,126.62015300,2022-04-28 23:59:59.999000
2022-04-29 00:00:00,39749.60000000,39920.56000000,38179.90000000,38600.30000000,112.07508300,2022-04-29 23:59:59.999000
2022-04-30 00:00:00,38594.59000000,38789.19000000,37585.99000000,37633.06000000,95.55728700,2022-04-30 23:59:59.999000
2022-05-01 00:00:00,37624.01000000,38667.84000000,37400.00000000,38485.90000000,108.47801700,2022-05-01 23:59:59.999000
2022-05-02 00:00:00,38482.82000000,39155.03000000,38049.85000000,38517.80000000,127.68828900,2022-05-02 23:59:59.999000
2022-05-03 00:00:00,38519.49000000,38642.08000000,37526.35000000,37745.43000000,106.63444500,2022-05-03 23:59:59.999000
2022-05-04 00:00:00,37733.12000000,40058.21000000,37658.84000000,39671.20000000,124.32594000,2022-05-04 23:59:59.999000
2022-05-05 00:00:00,39690.25000000,39841.42000000,35603.03000000,36558.02000000,243.30160400,2022-05-05 23:59:59.999000
2022-05-06 00:00:00,36557.51000000,36680.30000000,35280.00000000,36023.10000000,170.42793100,2022-05-06 23:59:59.999000
2022-05-07 00:00:00,36016.63000000,36133.66000000,34792.87000000,35479.24000000,99.73947500,2022-05-07 23:59:59.999000
2022-05-08 00:00:00,35465.90000000,35517.56000000,33642.05000000,34063.70000000,156.69172400,2022-05-08 23:59:59.999000
2022-05-09 00:00:00,34067.56000000,34242.81000000,30055.99000000,30109.56000000,339.86571800,2022-05-09 23:59:59.999000
2022-05-10 00:00:00,30068.23000000,32637.33000000,29758.94000000,31017.98000000,892.51081900,2022-05-10 23:59:59.999000
2022-05-11 00:00:00,31010.04000000,32148.74000000,27751.17000000,29113.86000000,1001.28352100,2022-05-11 23:59:59.999000
2022-05-12 00:00:00,29107.86000000,30223.66000000,26580.29000000,29034.65000000,795.11168700,2022-05-12 23:59:59.999000
2022-05-13 00:00:00,29034.84000000,31051.35000000,28768.00000000,29314.32000000,171.26059900,2022-05-13 23:59:59.999000
2022-05-14 00:00:00,29280.19000000,30327.58000000,28643.91000000,30086.00000000,81.87325600,2022-05-14 23:59:59.999000
2022-05-15 00:00:00,30102.07000000,31455.30000000,29489.88000000,31347.35000000,131.68987600,2022-05-15 23:59:59.999000
2022-05-16 00:00:00,31314.00000000,31317.62000000,29106.15000000,29878.68000000,259.53457200,2022-05-16 23:59:59.999000
2022-05-17 00:00:00,29883.67000000,30769.64000000,29460.93000000,30449.21000000,120.39245300,2022-05-17 23:59:59.999000
2022-05-18 00:00:00,30449.94000000,30713.80000000,28655.07000000,28655.07000000,165.38967500,2022-05-18 23:59:59.999000
2022-05-19 00:00:00,28712.19000000,30543.02000000,28694.50000000,30321.04000000,134.07165000,2022-05-19 23:59:59.999000
2022-05-20 00:00:00,30306.58000000,30759.75000000,28736.62000000,29203.99000000,145.81035400,2022-05-20 23:59:59.999000
2022-05-21 00:00:00,29203.56000000,29647.20000000,28950.88000000,29441.37000000,87.59979000,2022-05-21 23:59:59.999000
2022-05-22 00:00:00,29441.37000000,30482.43000000,29265.65000000,30286.69000000,100.59313000,2022-05-22 23:59:59.999000
2022-05-23 00:00:00,30283.65000000,30661.51000000,28877.84000000,29092.00000000,212.20109200,2022-05-23 23:59:59.999000
2022-05-24 00:00:00,29114.73000000,29853.83000000,28679.68000000,29663.83000000,95.13244600,2022-05-24 23:59:59.999000
2022-05-25 00:00:00,29642.59000000,30212.77000000,29344.02000000,29540.50000000,103.29125500,2022-05-25 23:59:59.999000
2022-05-26 00:00:00,29545.91000000,29879.31000000,28028.24000000,29218.87000000,226.67965700,2022-05-26 23:59:59.999000
2022-05-27 00:00:00,29188.43000000,29388.43000000,28262.79000000,28625.99000000,185.65094900,2022-05-27 23:59:59.999000
2022-05-28 00:00:00,28619.49000000,29242.53000000,28510.39000000,29042.26000000,64.54614200,2022-05-28 23:59:59.999000
2022-05-29 00:00:00,29031.49000000,29582.69000000,28841.76000000,29479.00000000,81.23310700,2022-05-29 23:59:59.999000
2022-05-30 00:00:00,29472.74000000,32200.00000000,29303.42000000,31760.68000000,197.53388100,2022-05-30 23:59:59.999000
2022-05-31 00:00:00,31743.03000000,32400.00000000,30800.00000000,31785.26000000,370.73452900,2022-05-31 23:59:59.999000
2022-06-01 00:00:00,31814.89000000,31978.77000000,29341.06000000,29810.54000000,182.23889500,2022-06-01 23:59:59.999000
2022-06-02 00:00:00,29805.98000000,30672.86000000,29600.00000000,30483.80000000,131.89346500,2022-06-02 23:59:59.999000
2022-06-03 00:00:00,30450.77000000,30700.02000000,29280.83000000,29704.16000000,93.37130700,2022-06-03 23:59:59.999000
2022-06-04 00:00:00,29713.66000000,29963.45000000,29482.00000000,29857.95000000,42.25028500,2022-06-04 23:59:59.999000
2022-06-05 00:00:00,29871.06000000,30188.61000000,29533.88000000,29923.99000000,47.41567000,2022-06-05 23:59:59.999000
2022-06-06 00:00:00,29913.05000000,31759.80000000,29888.09000000,31389.07000000,211.12576500,2022-06-06 23:59:59.999000
2022-06-07 00:00:00,31380.08000000,31572.00000000,29227.88000000,31119.20000000,405.31601100,2022-06-07 23:59:59.999000
2022-06-08 00:00:00,31129.76000000,31321.79000000,29858.18000000,30210.32000000,236.65589200,2022-06-08 23:59:59.999000
2022-06-09 00:00:00,30205.09000000,30698.76000000,29950.95000000,30106.60000000,111.20297800,2022-06-09 23:59:59.999000
2022-06-10 00:00:00,30081.11000000,30361.83000000,28860.90000000,29092.31000000,416.23492500,2022-06-10 23:59:59.999000
2022-06-11 00:00:00,29101.47000000,29438.49000000,28116.09000000,28421.24000000,265.71722000,2022-06-11 23:59:59.999000
2022-06-12 00:00:00,28428.33000000,28543.90000000,26563.88000000,26605.92000000,490.74152400,2022-06-12 23:59:59.999000
2022-06-13 00:00:00,26567.95000000,26878.97000000,21946.86000000,22491.54000000,2187.47527400,2022-06-13 23:59:59.999000
2022-06-14 00:00:00,22478.08000000,23344.11000000,20850.78000000,22129.68000000,1720.92196000,2022-06-14 23:59:59.999000
2022-06-15 00:00:00,22116.09000000,22784.93000000,20107.35000000,22594.59000000,1896.15060000,2022-06-15 23:59:59.999000
2022-06-16 00:00:00,22573.55000000,22991.02000000,20213.86000000,20372.31000000,713.62554700,2022-06-16 23:59:59.999000
2022-06-17 00:00:00,20410.04000000,21357.99000000,20246.03000000,20459.81000000,427.46593200,2022-06-17 23:59:59.999000
2022-06-18 00:00:00,20460.84000000,20753.25000000,17621.36000000,18981.18000000,1236.12136000,2022-06-18 23:59:59.999000
2022-06-19 00:00:00,18976.60000000,20816.54000000,17967.28000000,20573.02000000,1418.74383400,2022-06-19 23:59:59.999000
2022-06-20 00:00:00,20562.40000000,21071.27000000,19633.52000000,20581.14000000,740.70515900,2022-06-20 23:59:59.999000
2022-06-21 00:00:00,20570.01000000,21721.44000000,20360.62000000,20718.92000000,545.46014800,2022-06-21 23:59:59.999000
2022-06-22 00:00:00,20729.37000000,20893.74000000,19765.53000000,19990.66000000,1027.90655100,2022-06-22 23:59:59.999000
2022-06-23 00:00:00,19985.54000000,21240.41000000,19886.10000000,21113.10000000,1154.57980300,2022-06-23 23:59:59.999000
2022-06-24 00:00:00,21107.16000000,21554.67000000,20716.89000000,21232.70000000,1083.16832300,2022-06-24 23:59:59.999000
2022-06-25 00:00:00,21242.86000000,21609.07000000,20913.53000000,21492.57000000,473.34207200,2022-06-25 23:59:59.999000
2022-06-26 00:00:00,21489.82000000,21882.15000000,20979.11000000,21047.27000000,586.39114300,2022-06-26 23:59:59.999000
2022-06-27 00:00:00,21035.02000000,21538.40000000,20520.44000000,20729.39000000,706.57827600,2022-06-27 23:59:59.999000
2022-06-28 00:00:00,20735.95000000,21210.85000000,20197.04000000,20280.68000000,1245.63697000,2022-06-28 23:59:59.999000
2022-06-29 00:00:00,20275.20000000,20439.60000000,19851.47000000,20117.99000000,2589.68285300,2022-06-29 23:59:59.999000
2022-06-30 00:00:00,20129.62000000,20170.34000000,18634.59000000,19940.13000000,3450.19551500,2022-06-30 23:59:59.999000
2022-07-01 00:00:00,19956.33000000,20896.68000000,18938.80000000,19272.73000000,4278.95746900,2022-07-01 23:59:59.999000
2022-07-02 00:00:00,19284.64000000,19448.82000000,18985.87000000,19253.68000000,1978.59500800,2022-07-02 23:59:59.999000
2022-07-03 00:00:00,19250.87000000,19638.01000000,18771.29000000,19311.49000000,1181.20005000,2022-07-03 23:59:59.999000
2022-07-04 00:00:00,19318.17000000,20347.30000000,19056.52000000,20238.10000000,1863.17087500,2022-07-04 23:59:59.999000
2022-07-05 00:00:00,20233.33000000,20746.40000000,19303.99000000,20185.21000000,2856.16758000,2022-07-05 23:59:59.999000
2022-07-06 00:00:00,20179.63000000,20665.41000000,19764.90000000,20567.15000000,2200.78365900,2022-07-06 23:59:59.999000
2022-07-07 00:00:00,20569.34000000,21845.27000000,20265.00000000,21624.52000000,2048.78839600,2022-07-07 23:59:59.999000
2022-07-08 00:00:00,21631.89000000,22524.95000000,21181.81000000,21601.94000000,3201.80326800,2022-07-08 23:59:59.999000
2022-07-09 00:00:00,21602.92000000,21966.62000000,21323.57000000,21585.81000000,1495.65260900,2022-07-09 23:59:59.999000
2022-07-10 00:00:00,21590.81000000,21601.25000000,20651.96000000,20857.32000000,1101.43485000,2022-07-10 23:59:59.999000
2022-07-11 00:00:00,20865.62000000,20866.66000000,19890.27000000,19963.13000000,1352.06879900,2022-07-11 23:59:59.999000
2022-07-12 00:00:00,19960.72000000,20060.07000000,19247.83000000,19328.04000000,1810.72380700,2022-07-12 23:59:59.999000
2022-07-13 00:00:00,19323.73000000,20333.81000000,18910.87000000,20237.45000000,3447.97800800,2022-07-13 23:59:59.999000
2022-07-14 00:00:00,20241.06000000,20887.74000000,19620.83000000,20589.95000000,2992.04101400,2022-07-14 23:59:59.999000
2022-07-15 00:00:00,20586.90000000,21200.00000000,20379.30000000,20832.31000000,1681.77213600,2022-07-15 23:59:59.999000
2022-07-16 00:00:00,20824.26000000,21573.65000000,20480.10000000,21204.34000000,1305.40153000,2022-07-16 23:59:59.999000
2022-07-17 00:00:00,21193.15000000,21666.30000000,20752.48000000,20784.16000000,577.67998900,2022-07-17 23:59:59.999000
2022-07-18 00:00:00,20794.40000000,22765.20000000,20775.26000000,22430.75000000,2076.84518100,2022-07-18 23:59:59.999000
2022-07-19 00:00:00,22446.97000000,23793.10000000,21592.03000000,23393.18000000,3743.36962300,2022-07-19 23:59:59.999000
2022-07-20 00:00:00,23390.04000000,24278.63000000,22919.55000000,23221.98000000,5606.13532000,2022-07-20 23:59:59.999000
2022-07-21 00:00:00,23216.53000000,23425.79000000,22346.27000000,23150.42000000,3376.16230500,2022-07-21 23:59:59.999000
2022-07-22 00:00:00,23145.95000000,23747.72000000,22506.79000000,22687.98000000,3357.28147000,2022-07-22 23:59:59.999000
2022-07-23 00:00:00,22685.82000000,22999.46000000,21947.35000000,22450.41000000,2869.99960500,2022-07-23 23:59:59.999000
2022-07-24 00:00:00,22450.14000000,23025.24000000,22261.75000000,22588.97000000,1619.48293600,2022-07-24 23:59:59.999000
2022-07-25 00:00:00,22582.59000000,22666.41000000,21257.04000000,21307.76000000,2987.43326800,2022-07-25 23:59:59.999000
2022-07-26 00:00:00,21305.21000000,21346.09000000,20718.00000000,21259.41000000,2532.12846700,2022-07-26 23:59:59.999000
2022-07-27 00:00:00,21260.37000000,23098.85000000,21044.05000000,22946.39000000,1717.76038300,2022-07-27 23:59:59.999000
2022-07-28 00:00:00,22959.62000000,24190.66000000,22581.44000000,23843.83000000,1805.84804900,2022-07-28 23:59:59.999000
2022-07-29 00:00:00,23837.99000000,24435.82000000,23428.58000000,23771.51000000,1454.79350300,2022-07-29 23:59:59.999000
2022-07-30 00:00:00,23767.77000000,24663.55000000,23514.76000000,23640.17000000,903.62894500,2022-07-30 23:59:59.999000
2022-07-31 00:00:00,23639.65000000,24182.58000000,23230.54000000,23298.80000000,800.67285600,2022-07-31 23:59:59.999000
2022-08-01 00:00:00,23291.35000000,23497.99000000,22851.00000000,23273.67000000,1304.90666900,2022-08-01 23:59:59.999000
2022-08-02 00:00:00,23271.66000000,23448.27000000,22656.61000000,22981.68000000,1539.21769100,2022-08-02 23:59:59.999000
2022-08-03 00:00:00,22984.10000000,23641.97000000,22680.67000000,22820.42000000,1816.09039900,2022-08-03 23:59:59.999000
2022-08-04 00:00:00,22812.40000000,23219.50000000,22402.71000000,22609.71000000,2488.69417700,2022-08-04 23:59:59.999000
2022-08-05 00:00:00,22617.04000000,23463.62000000,22589.36000000,23318.34000000,1906.85733400,2022-08-05 23:59:59.999000
2022-08-06 00:00:00,23317.87000000,23349.22000000,22914.29000000,22951.63000000,670.12136600,2022-08-06 23:59:59.999000
2022-08-07 00:00:00,22954.50000000,23388.88000000,22847.27000000,23174.87000000,619.75317600,2022-08-07 23:59:59.999000
2022-08-08 00:00:00,23178.64000000,24245.69000000,23155.54000000,23810.28000000,1607.52652100,2022-08-08 23:59:59.999000
2022-08-09 00:00:00,23804.79000000,23921.09000000,22868.30000000,23150.08000000,1741.70760900,2022-08-09 23:59:59.999000
2022-08-10 00:00:00,23144.72000000,24222.97000000,22655.03000000,23951.04000000,1567.68160200,2022-08-10 23:59:59.999000
2022-08-11 00:00:00,23956.24000000,24917.48000000,23851.16000000,23932.84000000,1981.49152500,2022-08-11 23:59:59.999000
2022-08-12 00:00:00,23941.94000000,24449.95000000,23586.35000000,24402.87000000,2169.53648100,2022-08-12 23:59:59.999000
2022-08-13 00:00:00,24400.03000000,24889.00000000,24297.29000000,24436.08000000,1509.99754400,2022-08-13 23:59:59.999000
2022-08-14 00:00:00,24447.26000000,25023.89000000,24147.32000000,24302.12000000,1348.46808900,2022-08-14 23:59:59.999000
2022-08-15 00:00:00,24304.85000000,25203.74000000,23774.26000000,24091.64000000,2619.35731300,2022-08-15 23:59:59.999000
2022-08-16 00:00:00,24086.40000000,24246.26000000,23668.30000000,23855.92000000,2189.52646400,2022-08-16 23:59:59.999000
2022-08-17 00:00:00,23852.36000000,24440.72000000,23184.59000000,23348.83000000,2277.25595000,2022-08-17 23:59:59.999000
2022-08-18 00:00:00,23349.03000000,23594.25000000,23121.09000000,23195.31000000,951.51532700,2022-08-18 23:59:59.999000
2022-08-19 00:00:00,23188.04000000,23205.55000000,20775.00000000,20832.56000000,4078.52889900,2022-08-19 23:59:59.999000
2022-08-20 00:00:00,20829.28000000,21361.92000000,20769.64000000,21138.83000000,1828.99765900,2022-08-20 23:59:59.999000
2022-08-21 00:00:00,21136.48000000,21790.22000000,21069.15000000,21509.50000000,771.87256200,2022-08-21 23:59:59.999000
2022-08-22 00:00:00,21519.50000000,21535.00000000,20900.00000000,21400.46000000,1731.94463900,2022-08-22 23:59:59.999000
2022-08-23 00:00:00,21397.82000000,21678.28000000,20898.09000000,21524.41000000,1203.40484000,2022-08-23 23:59:59.999000
2022-08-24 00:00:00,21529.30000000,21892.46000000,21153.84000000,21370.41000000,2830.11803800,2022-08-24 23:59:59.999000
2022-08-25 00:00:00,21371.07000000,21817.93000000,21312.78000000,21558.60000000,1231.68310100,2022-08-25 23:59:59.999000
2022-08-26 00:00:00,21562.60000000,21874.34000000,20110.85000000,20238.50000000,4106.08828800,2022-08-26 23:59:59.999000
2022-08-27 00:00:00,20236.28000000,20377.41000000,19681.97000000,20037.34000000,2215.27759000,2022-08-27 23:59:59.999000
2022-08-28 00:00:00,20039.53000000,20156.99000000,19426.83000000,19556.72000000,1070.14266800,2022-08-28 23:59:59.999000
2022-08-29 00:00:00,19552.00000000,20414.41000000,19547.27000000,20286.88000000,1728.63434000,2022-08-29 23:59:59.999000
2022-08-30 00:00:00,20289.94000000,20575.00000000,19543.78000000,19810.09000000,1734.78356100,2022-08-30 23:59:59.999000
2022-08-31 00:00:00,19825.74000000,20488.00000000,19809.07000000,20050.08000000,1521.52728300,2022-08-31 23:59:59.999000
2022-09-01 00:00:00,20054.12000000,20203.98000000,19566.32000000,20129.38000000,1599.56300600,2022-09-01 23:59:59.999000
2022-09-02 00:00:00,20132.25000000,20435.04000000,19754.70000000,19947.33000000,1554.22647800,2022-09-02 23:59:59.999000
2022-09-03 00:00:00,19954.47000000,20050.41000000,19659.54000000,19832.72000000,689.62097100,2022-09-03 23:59:59.999000
2022-09-04 00:00:00,19835.08000000,20023.48000000,19595.22000000,20009.24000000,834.43853200,2022-09-04 23:59:59.999000
2022-09-05 00:00:00,20000.11000000,20052.34000000,19639.22000000,19786.73000000,1051.61154600,2022-09-05 23:59:59.999000
2022-09-06 00:00:00,19799.82000000,20179.48000000,18659.02000000,18795.29000000,2514.23160200,2022-09-06 23:59:59.999000
2022-09-07 00:00:00,18791.56000000,19460.72000000,18536.82000000,19287.92000000,1839.66842900,2022-09-07 23:59:59.999000
2022-09-08 00:00:00,19296.53000000,19454.01000000,19015.54000000,19318.96000000,1745.17010100,2022-09-08 23:59:59.999000
2022-09-09 00:00:00,19319.92000000,21600.00000000,19295.65000000,21364.31000000,3067.60990400,2022-09-09 23:59:59.999000
2022-09-10 00:00:00,21366.14000000,21804.09000000,21122.78000000,21652.49000000,1428.81974400,2022-09-10 23:59:59.999000
2022-09-11 00:00:00,21652.50000000,21857.14000000,21350.91000000,21822.82000000,1158.94974500,2022-09-11 23:59:59.999000
2022-09-12 00:00:00,21821.17000000,22483.01000000,21554.28000000,22395.73000000,2891.75799300,2022-09-12 23:59:59.999000
2022-09-13 00:00:00,22396.19000000,22789.00000000,19895.31000000,20174.19000000,3546.42594800,2022-09-13 23:59:59.999000
2022-09-14 00:00:00,20159.64000000,20529.10000000,19619.62000000,20224.21000000,2355.78583100,2022-09-14 23:59:59.999000
2022-09-15 00:00:00,20219.20000000,20329.38000000,19495.88000000,19699.71000000,1783.23220000,2022-09-15 23:59:59.999000
2022-09-16 00:00:00,19707.59000000,19889.24000000,19336.68000000,19802.64000000,1675.68472600,2022-09-16 23:59:59.999000
2022-09-17 00:00:00,19798.05000000,20179.98000000,19753.06000000,20110.84000000,902.69259600,2022-09-17 23:59:59.999000
2022-09-18 00:00:00,20114.74000000,20117.53000000,19338.68000000,19417.43000000,1192.99734700,2022-09-18 23:59:59.999000
2022-09-19 00:00:00,19424.32000000,19678.53000000,18257.70000000,19540.09000000,2764.04592100,2022-09-19 23:59:59.999000
2022-09-20 00:00:00,19533.97000000,19635.18000000,18740.54000000,18869.66000000,1662.94059200,2022-09-20 23:59:59.999000
2022-09-21 00:00:00,18868.01000000,19799.34000000,18168.45000000,18466.35000000,4338.89846100,2022-09-21 23:59:59.999000
2022-09-22 00:00:00,18452.78000000,19516.20000000,18359.28000000,19404.89000000,3527.02309800,2022-09-22 23:59:59.999000
2022-09-23 00:00:00,19410.18000000,19496.18000000,18535.56000000,19291.83000000,2732.03294500,2022-09-23 23:59:59.999000
2022-09-24 00:00:00,19292.79000000,19312.55000000,18810.09000000,18914.70000000,1250.79098500,2022-09-24 23:59:59.999000
2022-09-25 00:00:00,18915.13000000,19177.21000000,18636.01000000,18810.25000000,1146.99105900,2022-09-25 23:59:59.999000
2022-09-26 00:00:00,18805.24000000,19315.99000000,18687.90000000,19226.03000000,2327.00650000,2022-09-26 23:59:59.999000
2022-09-27 00:00:00,19225.91000000,20382.65000000,18827.24000000,19077.58000000,5187.27008400,2022-09-27 23:59:59.999000
2022-09-28 00:00:00,19082.76000000,19788.22000000,18478.34000000,19412.05000000,4021.25906600,2022-09-28 23:59:59.999000
2022-09-29 00:00:00,19416.06000000,19642.42000000,18850.72000000,19585.16000000,2389.97444400,2022-09-29 23:59:59.999000
2022-09-30 00:00:00,19587.96000000,20178.37000000,19158.61000000,19423.55000000,3548.61165400,2022-09-30 23:59:59.999000
2022-10-01 00:00:00,19424.58000000,19482.44000000,19163.55000000,19312.75000000,647.87962300,2022-10-01 23:59:59.999000
2022-10-02 00:00:00,19309.16000000,19396.79000000,18922.49000000,19055.80000000,1197.44400500,2022-10-02 23:59:59.999000
2022-10-03 00:00:00,19061.42000000,19711.75000000,18964.71000000,19626.18000000,2384.41985800,2022-10-03 23:59:59.999000
2022-10-04 00:00:00,19629.32000000,20463.71000000,19494.03000000,20342.75000000,3241.10540000,2022-10-04 23:59:59.999000
2022-10-05 00:00:00,20337.15000000,20365.60000000,19737.65000000,20154.59000000,2263.36929400,2022-10-05 23:59:59.999000
2022-10-06 00:00:00,20155.84000000,20447.18000000,19855.56000000,19959.98000000,6227.03472100,2022-10-06 23:59:59.999000
2022-10-07 00:00:00,19960.12000000,20061.62000000,19324.83000000,19530.60000000,3473.54715400,2022-10-07 23:59:59.999000
2022-10-08 00:00:00,19526.96000000,19623.07000000,19252.92000000,19417.23000000,1150.96783300,2022-10-08 23:59:59.999000
2022-10-09 00:00:00,19418.16000000,19554.52000000,19322.38000000,19441.73000000,1385.43955400,2022-10-09 23:59:59.999000
2022-10-10 00:00:00,19441.28000000,19524.98000000,19021.19000000,19132.82000000,2568.52237500,2022-10-10 23:59:59.999000
2022-10-11 00:00:00,19130.63000000,19267.83000000,18862.23000000,19063.54000000,5319.98266700,2022-10-11 23:59:59.999000
2022-10-12 00:00:00,19058.62000000,19236.00000000,18982.92000000,19155.42000000,2192.38743400,2022-10-12 23:59:59.999000
2022-10-13 00:00:00,19155.42000000,19503.48000000,18172.26000000,19372.85000000,6484.86935700,2022-10-13 23:59:59.999000
2022-10-14 00:00:00,19371.65000000,19949.65000000,19081.82000000,19175.48000000,4569.72923800,2022-10-14 23:59:59.999000
2022-10-15 00:00:00,19177.42000000,19223.54000000,18986.00000000,19067.26000000,602.15852900,2022-10-15 23:59:59.999000
2022-10-16 00:00:00,19068.76000000,19424.58000000,19066.27000000,19263.61000000,748.19049300,2022-10-16 23:59:59.999000
2022-10-17 00:00:00,19259.03000000,19673.57000000,19157.40000000,19549.99000000,4008.20612300,2022-10-17 23:59:59.999000
2022-10-18 00:00:00,19544.53000000,19700.37000000,19095.52000000,19331.56000000,4007.57549700,2022-10-18 23:59:59.999000
2022-10-19 00:00:00,19326.07000000,19359.64000000,19070.34000000,19122.18000000,2834.00055000,2022-10-19 23:59:59.999000
2022-10-20 00:00:00,19125.17000000,19340.80000000,18911.11000000,19041.69000000,3602.22114400,2022-10-20 23:59:59.999000
2022-10-21 00:00:00,19044.55000000,19247.41000000,18656.00000000,19172.05000000,3666.56098300,2022-10-21 23:59:59.999000
2022-10-22 00:00:00,19166.23000000,19254.05000000,19113.68000000,19206.26000000,403.37996700,2022-10-22 23:59:59.999000
2022-10-23 00:00:00,19205.81000000,19691.70000000,19076.11000000,19570.12000000,1262.33074300,2022-10-23 23:59:59.999000
2022-10-24 00:00:00,19573.53000000,19600.00000000,19159.19000000,19330.46000000,3311.75908000,2022-10-24 23:59:59.999000
2022-10-25 00:00:00,19332.80000000,20416.64000000,19242.37000000,20083.80000000,5843.70828600,2022-10-25 23:59:59.999000
2022-10-26 00:00:00,20081.79000000,21018.68000000,20052.43000000,20766.50000000,8103.20067200,2022-10-26 23:59:59.999000
2022-10-27 00:00:00,20766.53000000,20871.16000000,20200.76000000,20292.10000000,5580.97676500,2022-10-27 23:59:59.999000
2022-10-28 00:00:00,20297.59000000,20748.06000000,19999.57000000,20591.44000000,5519.60961000,2022-10-28 23:59:59.999000
2022-10-29 00:00:00,20589.60000000,21075.68000000,20555.57000000,20810.82000000,2955.61492800,2022-10-29 23:59:59.999000
2022-10-30 00:00:00,20811.67000000,20928.83000000,20513.57000000,20624.23000000,1872.68042800,2022-10-30 23:59:59.999000
2022-10-31 00:00:00,20628.34000000,20838.99000000,20243.57000000,20492.70000000,3089.64379400,2022-10-31 23:59:59.999000
2022-11-01 00:00:00,20493.80000000,20692.86000000,20330.00000000,20483.94000000,2894.39933100,2022-11-01 23:59:59.999000
2022-11-02 00:00:00,20485.23000000,20802.88000000,20063.21000000,20152.24000000,5814.67288100,2022-11-02 23:59:59.999000
2022-11-03 00:00:00,20153.32000000,20392.76000000,20038.26000000,20208.15000000,4746.43507800,2022-11-03 23:59:59.999000
2022-11-04 00:00:00,20209.22000000,21295.52000000,20182.71000000,21147.28000000,6759.66828000,2022-11-04 23:59:59.999000
2022-11-05 00:00:00,21145.13000000,21475.41000000,21083.55000000,21302.61000000,1743.00938500,2022-11-05 23:59:59.999000
2022-11-06 00:00:00,21301.02000000,21363.10000000,20889.12000000,20908.79000000,1404.43122600,2022-11-06 23:59:59.999000
2022-11-07 00:00:00,20901.79000000,21065.09000000,20382.71000000,20589.39000000,3851.29632000,2022-11-07 23:59:59.999000
2022-11-08 00:00:00,20588.47000000,20680.56000000,17466.24000000,18537.65000000,11634.44205800,2022-11-08 23:59:59.999000
2022-11-09 00:00:00,18538.36000000,18588.99000000,15599.99000000,15922.56000000,6743.66075000,2022-11-09 23:59:59.999000
2022-11-10 00:00:00,15932.95000000,18188.00000000,15769.42000000,17580.04000000,2943.17613700,2022-11-10 23:59:59.999000
2022-11-11 00:00:00,17580.39000000,17687.87000000,16369.84000000,17054.10000000,2488.69164200,2022-11-11 23:59:59.999000
2022-11-12 00:00:00,17042.83000000,17099.35000000,16637.51000000,16813.35000000,1008.73256100,2022-11-12 23:59:59.999000
2022-11-13 00:00:00,16814.93000000,16949.73000000,16245.12000000,16325.51000000,930.70989200,2022-11-13 23:59:59.999000
2022-11-14 00:00:00,16331.92000000,17160.50000000,15814.87000000,16612.40000000,4969.24887600,2022-11-14 23:59:59.999000
2022-11-15 00:00:00,16617.25000000,17123.98000000,16525.75000000,16894.63000000,8520.40119900,2022-11-15 23:59:59.999000
2022-11-16 00:00:00,16898.19000000,17011.62000000,16383.12000000,16661.52000000,3890.20213300,2022-11-16 23:59:59.999000
2022-11-17 00:00:00,16656.25000000,16744.95000000,16415.78000000,16692.72000000,2154.83932200,2022-11-17 23:59:59.999000
2022-11-18 00:00:00,16695.40000000,16994.47000000,16551.95000000,16701.82000000,1758.47691600,2022-11-18 23:59:59.999000
2022-11-19 00:00:00,16701.83000000,16822.78000000,16551.01000000,16706.97000000,470.15547300,2022-11-19 23:59:59.999000
2022-11-20 00:00:00,16699.42000000,16752.47000000,16177.98000000,16284.06000000,1079.23699700,2022-11-20 23:59:59.999000
2022-11-21 00:00:00,16284.06000000,16322.78000000,15486.74000000,15780.00000000,1805.01113500,2022-11-21 23:59:59.999000
2022-11-22 00:00:00,15780.00000000,16304.16000000,15622.74000000,16218.73000000,2123.89662500,2022-11-22 23:59:59.999000
2022-11-23 00:00:00,16229.54000000,16694.65000000,16164.23000000,16613.02000000,2315.27136700,2022-11-23 23:59:59.999000
2022-11-24 00:00:00,16604.87000000,16810.89000000,16462.63000000,16599.81000000,1416.41904100,2022-11-24 23:59:59.999000
2022-11-25 00:00:00,16602.13000000,16621.88000000,16346.11000000,16520.64000000,1063.55348000,2022-11-25 23:59:59.999000
2022-11-26 00:00:00,16523.76000000,16698.77000000,16389.63000000,16471.64000000,435.50509800,2022-11-26 23:59:59.999000
2022-11-27 00:00:00,16465.05000000,16595.98000000,16404.59000000,16428.40000000,382.04897300,2022-11-27 23:59:59.999000
2022-11-28 00:00:00,16424.82000000,16486.01000000,15998.89000000,16212.51000000,1561.20516400,2022-11-28 23:59:59.999000
2022-11-29 00:00:00,16209.97000000,16545.96000000,16098.75000000,16441.05000000,1486.05919400,2022-11-29 23:59:59.999000
2022-11-30 00:00:00,16441.05000000,17242.09000000,16427.05000000,17164.98000000,2233.81611600,2022-11-30 23:59:59.999000
2022-12-01 00:00:00,17162.80000000,17320.96000000,16848.97000000,16976.49000000,1152.64243000,2022-12-01 23:59:59.999000
2022-12-02 00:00:00,16970.59000000,17105.07000000,16779.99000000,17096.40000000,982.29320800,2022-12-02 23:59:59.999000
2022-12-03 00:00:00,17091.78000000,17158.85000000,16862.57000000,16879.06000000,529.82103200,2022-12-03 23:59:59.999000
2022-12-04 00:00:00,16883.97000000,17202.45000000,16880.56000000,17106.46000000,671.86636500,2022-12-04 23:59:59.999000
2022-12-05 00:00:00,17104.72000000,17419.36000000,16869.44000000,16968.71000000,1850.64139800,2022-12-05 23:59:59.999000
2022-12-06 00:00:00,16968.93000000,17106.61000000,16910.00000000,17088.37000000,1376.06452600,2022-12-06 23:59:59.999000
2022-12-07 00:00:00,17090.14000000,17137.26000000,16685.62000000,16837.35000000,906.98236300,2022-12-07 23:59:59.999000
2022-12-08 00:00:00,16839.33000000,17296.05000000,16737.94000000,17220.61000000,1005.29672100,2022-12-08 23:59:59.999000
2022-12-09 00:00:00,17222.55000000,17358.24000000,17068.04000000,17131.41000000,628.72164200,2022-12-09 23:59:59.999000
2022-12-10 00:00:00,17127.67000000,17226.88000000,17095.18000000,17129.89000000,280.84457300,2022-12-10 23:59:59.999000
2022-12-11 00:00:00,17129.77000000,17270.79000000,17071.81000000,17084.74000000,448.30626500,2022-12-11 23:59:59.999000
2022-12-12 00:00:00,17086.62000000,17240.58000000,16873.77000000,17204.88000000,831.73926900,2022-12-12 23:59:59.999000
2022-12-13 00:00:00,17211.41000000,17967.49000000,17083.40000000,17782.00000000,1353.34363500,2022-12-13 23:59:59.999000
2022-12-14 00:00:00,17782.93000000,18379.51000000,17662.65000000,17804.72000000,3585.02234800,2022-12-14 23:59:59.999000
2022-12-15 00:00:00,17801.85000000,17854.26000000,17283.91000000,17359.37000000,1863.83619700,2022-12-15 23:59:59.999000
2022-12-16 00:00:00,17355.01000000,17526.27000000,16532.94000000,16633.71000000,2945.14218100,2022-12-16 23:59:59.999000
2022-12-17 00:00:00,16625.45000000,16796.67000000,16583.73000000,16780.38000000,1074.49245200,2022-12-17 23:59:59.999000
2022-12-18 00:00:00,16781.49000000,16855.91000000,16663.99000000,16738.88000000,676.47470600,2022-12-18 23:59:59.999000
2022-12-19 00:00:00,16741.57000000,16814.49000000,16283.49000000,16439.89000000,1479.40644400,2022-12-19 23:59:59.999000
2022-12-20 00:00:00,16436.13000000,17048.57000000,16398.97000000,16898.75000000,2231.51072300,2022-12-20 23:59:59.999000
2022-12-21 00:00:00,16898.67000000,16922.30000000,16732.51000000,16829.61000000,868.85308200,2022-12-21 23:59:59.999000
2022-12-22 00:00:00,16828.58000000,16864.11000000,16563.47000000,16822.08000000,1298.10993600,2022-12-22 23:59:59.999000
2022-12-23 00:00:00,16824.09000000,16945.58000000,16761.57000000,16782.20000000,980.27999600,2022-12-23 23:59:59.999000
2022-12-24 00:00:00,16781.48000000,16864.10000000,16776.90000000,16834.19000000,259.81888600,2022-12-24 23:59:59.999000
2022-12-25 00:00:00,16838.18000000,16853.97000000,16731.82000000,16833.45000000,443.66116100,2022-12-25 23:59:59.999000
2022-12-26 00:00:00,16832.62000000,16942.28000000,16792.23000000,16919.83000000,479.43124400,2022-12-26 23:59:59.999000
2022-12-27 00:00:00,16921.80000000,16966.97000000,16604.33000000,16705.84000000,982.39039400,2022-12-27 23:59:59.999000
2022-12-28 00:00:00,16707.35000000,16783.90000000,16471.43000000,16545.89000000,1491.09652900,2022-12-28 23:59:59.999000
2022-12-29 00:00:00,16547.63000000,16662.69000000,16492.62000000,16634.04000000,748.75969000,2022-12-29 23:59:59.999000
2022-12-30 00:00:00,16631.15000000,16650.64000000,16369.84000000,16609.35000000,1080.82289600,2022-12-30 23:59:59.999000
2022-12-31 00:00:00,16605.84000000,16639.73000000,16466.79000000,16525.07000000,563.61932300,2022-12-31 23:59:59.999000
2023-01-01 00:00:00,16524.41000000,16628.20000000,16497.67000000,16617.57000000,309.05605100,2023-01-01 23:59:59.999000
2023-01-02 00:00:00,16619.93000000,16785.92000000,16549.68000000,16677.87000000,713.13137300,2023-01-02 23:59:59.999000
2023-01-03 00:00:00,16674.84000000,16774.53000000,16604.95000000,16674.12000000,743.94575800,2023-01-03 23:59:59.999000
2023-01-04 00:00:00,16676.49000000,16984.83000000,16653.41000000,16849.97000000,1511.33182100,2023-01-04 23:59:59.999000
2023-01-05 00:00:00,16852.47000000,16878.61000000,16756.91000000,16832.48000000,722.09085100,2023-01-05 23:59:59.999000
2023-01-06 00:00:00,16829.96000000,17030.14000000,16683.74000000,16952.15000000,1227.36821300,2023-01-06 23:59:59.999000
2023-01-07 00:00:00,16952.10000000,16982.15000000,16908.62000000,16945.20000000,268.37370600,2023-01-07 23:59:59.999000
2023-01-08 00:00:00,16944.93000000,17157.28000000,16913.17000000,17128.62000000,587.51506200,2023-01-08 23:59:59.999000
2023-01-09 00:00:00,17131.78000000,17395.51000000,17105.39000000,17181.92000000,1721.31875800,2023-01-09 23:59:59.999000
2023-01-10 00:00:00,17180.80000000,17488.38000000,17146.60000000,17441.76000000,1213.47196000,2023-01-10 23:59:59.999000
2023-01-11 00:00:00,17439.34000000,17996.94000000,17318.95000000,17944.83000000,1648.12247900,2023-01-11 23:59:59.999000
2023-01-12 00:00:00,17948.13000000,19113.49000000,17908.33000000,18852.95000000,6914.65203600,2023-01-12 23:59:59.999000
2023-01-13 00:00:00,18844.86000000,20003.26000000,18718.59000000,19930.08000000,5011.22357700,2023-01-13 23:59:59.999000
2023-01-14 00:00:00,19929.16000000,21250.17000000,19890.43000000,20953.76000000,8620.94187800,2023-01-14 23:59:59.999000
2023-01-15 00:00:00,20952.70000000,21044.33000000,20572.10000000,20869.54000000,2245.30838900,2023-01-15 23:59:59.999000
2023-01-16 00:00:00,20879.04000000,21447.70000000,20629.46000000,21192.09000000,2900.43018100,2023-01-16 23:59:59.999000
2023-01-17 00:00:00,21187.47000000,21581.90000000,20851.69000000,21136.37000000,2085.22116100,2023-01-17 23:59:59.999000
2023-01-18 00:00:00,21128.58000000,21646.08000000,20412.41000000,20677.13000000,1745.36422900,2023-01-18 23:59:59.999000
2023-01-19 00:00:00,20677.13000000,21190.90000000,20660.38000000,21074.78000000,764.07643300,2023-01-19 23:59:59.999000
2023-01-20 00:00:00,21080.05000000,22758.10000000,20868.93000000,22681.03000000,2614.47142900,2023-01-20 23:59:59.999000
2023-01-21 00:00:00,22675.01000000,23353.62000000,22439.37000000,22775.95000000,4471.41213000,2023-01-21 23:59:59.999000
2023-01-22 00:00:00,22783.64000000,23074.91000000,22309.38000000,22714.51000000,3497.44337600,2023-01-22 23:59:59.999000
2023-01-23 00:00:00,22710.87000000,23173.98000000,22514.16000000,22915.06000000,2640.99786100,2023-01-23 23:59:59.999000
2023-01-24 00:00:00,22913.74000000,23157.50000000,22473.84000000,22631.85000000,2143.90836100,2023-01-24 23:59:59.999000
2023-01-25 00:00:00,22639.70000000,23809.38000000,22340.00000000,23055.67000000,2197.00949800,2023-01-25 23:59:59.999000
2023-01-26 00:00:00,23071.15000000,23274.74000000,22858.60000000,23005.88000000,1193.34149900,2023-01-26 23:59:59.999000
2023-01-27 00:00:00,23006.98000000,23493.40000000,22580.00000000,23067.18000000,1626.40507400,2023-01-27 23:59:59.999000
2023-01-28 00:00:00,23066.49000000,23183.44000000,22884.67000000,23021.21000000,435.52891900,2023-01-28 23:59:59.999000
2023-01-29 00:00:00,23025.00000000,23962.88000000,22969.63000000,23744.82000000,1334.88854400,2023-01-29 23:59:59.999000
2023-01-30 00:00:00,23744.81000000,23798.15000000,22499.57000000,22831.95000000,1455.26940200,2023-01-30 23:59:59.999000
2023-01-31 00:00:00,22822.89000000,23273.69000000,22721.55000000,23128.28000000,967.82565900,2023-01-31 23:59:59.999000
2023-02-01 00:00:00,23125.65000000,23800.00000000,22786.01000000,23726.72000000,1585.10947300,2023-02-01 23:59:59.999000
2023-02-02 00:00:00,23726.72000000,24233.55000000,23423.76000000,23482.33000000,2368.82119600,2023-02-02 23:59:59.999000
2023-02-03 00:00:00,23484.37000000,23708.08000000,23210.18000000,23421.84000000,1761.85399200,2023-02-03 23:59:59.999000
2023-02-04 00:00:00,23424.81000000,23582.05000000,23256.02000000,23327.52000000,429.02785700,2023-02-04 23:59:59.999000
2023-02-05 00:00:00,23323.92000000,23423.76000000,22750.00000000,22932.23000000,914.87593800,2023-02-05 23:59:59.999000
2023-02-06 00:00:00,22928.37000000,23151.20000000,22631.38000000,22760.79000000,736.10089300,2023-02-06 23:59:59.999000
2023-02-07 00:00:00,22759.66000000,23347.52000000,22746.14000000,23246.32000000,1714.32227600,2023-02-07 23:59:59.999000
2023-02-08 00:00:00,23243.00000000,23436.71000000,22674.40000000,22958.53000000,1418.77845900,2023-02-08 23:59:59.999000
2023-02-09 00:00:00,22964.85000000,23008.58000000,21700.00000000,21798.17000000,2386.31567300,2023-02-09 23:59:59.999000
2023-02-10 00:00:00,21798.49000000,21938.93000000,21470.39000000,21631.55000000,1561.63334400,2023-02-10 23:59:59.999000
2023-02-11 00:00:00,21623.14000000,21901.77000000,21601.16000000,21863.65000000,425.42893500,2023-02-11 23:59:59.999000
2023-02-12 00:00:00,21866.56000000,22091.04000000,21632.58000000,21783.16000000,652.89965700,2023-02-12 23:59:59.999000
2023-02-13 00:00:00,21780.98000000,21891.26000000,21362.58000000,21774.44000000,1362.85629700,2023-02-13 23:59:59.999000
2023-02-14 00:00:00,21777.93000000,22312.29000000,21558.27000000,22200.34000000,1867.40405500,2023-02-14 23:59:59.999000
2023-02-15 00:00:00,22196.20000000,24365.92000000,22047.74000000,24329.49000000,2550.34306200,2023-02-15 23:59:59.999000
2023-02-16 00:00:00,24327.00000000,25248.03000000,23508.79000000,23518.71000000,2833.20905300,2023-02-16 23:59:59.999000
2023-02-17 00:00:00,23522.79000000,25014.06000000,23346.49000000,24577.41000000,2952.89938300,2023-02-17 23:59:59.999000
2023-02-18 00:00:00,24570.72000000,24875.05000000,24436.84000000,24628.46000000,1141.06021200,2023-02-18 23:59:59.999000
2023-02-19 00:00:00,24630.43000000,25193.38000000,24202.59000000,24263.00000000,1744.26012500,2023-02-19 23:59:59.999000
2023-02-20 00:00:00,24266.76000000,25113.40000000,23844.34000000,24838.09000000,1988.73402900,2023-02-20 23:59:59.999000
2023-02-21 00:00:00,24835.34000000,25242.62000000,24145.47000000,24453.24000000,2484.63528100,2023-02-21 23:59:59.999000
2023-02-22 00:00:00,24448.90000000,24473.50000000,23583.63000000,24181.73000000,2155.16606300,2023-02-22 23:59:59.999000
2023-02-23 00:00:00,24186.71000000,24597.20000000,23611.94000000,23937.75000000,2680.62200800,2023-02-23 23:59:59.999000
2023-02-24 00:00:00,23941.66000000,24125.23000000,22854.66000000,23183.13000000,2197.10628400,2023-02-24 23:59:59.999000
2023-02-25 00:00:00,23181.40000000,23219.12000000,22760.09000000,23155.42000000,903.73265000,2023-02-25 23:59:59.999000
2023-02-26 00:00:00,23156.96000000,23681.30000000,23065.36000000,23558.22000000,970.40906500,2023-02-26 23:59:59.999000
2023-02-27 00:00:00,23561.67000000,23891.35000000,23117.11000000,23490.18000000,1424.03775200,2023-02-27 23:59:59.999000
2023-02-28 00:00:00,23491.11000000,23596.76000000,23027.14000000,23140.10000000,1739.37979000,2023-02-28 23:59:59.999000
2023-03-01 00:00:00,23140.48000000,23998.92000000,23020.41000000,23629.08000000,2221.54645100,2023-03-01 23:59:59.999000
2023-03-02 00:00:00,23628.02000000,23797.20000000,23198.89000000,23468.02000000,2072.15314800,2023-03-02 23:59:59.999000
2023-03-03 00:00:00,23466.77000000,23476.07000000,21985.68000000,22358.06000000,2585.27124800,2023-03-03 23:59:59.999000
2023-03-04 00:00:00,22354.66000000,22408.39000000,22160.00000000,22346.68000000,667.56317000,2023-03-04 23:59:59.999000
2023-03-05 00:00:00,22344.44000000,22652.51000000,22198.81000000,22430.68000000,979.42078000,2023-03-05 23:59:59.999000
2023-03-06 00:00:00,22430.07000000,22594.99000000,22259.68000000,22407.44000000,1031.20915000,2023-03-06 23:59:59.999000
2023-03-07 00:00:00,22409.81000000,22554.47000000,21937.52000000,22198.59000000,2790.97378000,2023-03-07 23:59:59.999000
2023-03-08 00:00:00,22197.47000000,22285.54000000,21579.92000000,21703.40000000,3357.14265800,2023-03-08 23:59:59.999000
2023-03-09 00:00:00,21701.97000000,21832.13000000,20025.82000000,20368.79000000,3827.08253200,2023-03-09 23:59:59.999000
2023-03-10 00:00:00,20370.23000000,20374.49000000,19565.40000000,20153.97000000,6032.38702700,2023-03-10 23:59:59.999000
2023-03-11 00:00:00,20155.58000000,20688.52000000,19770.00000000,20463.90000000,2680.24396000,2023-03-11 23:59:59.999000
2023-03-12 00:00:00,20454.96000000,22082.44000000,20274.25000000,21995.39000000,3513.31226000,2023-03-12 23:59:59.999000
2023-03-13 00:00:00,21996.88000000,24481.50000000,21812.11000000,24108.06000000,7467.83920000,2023-03-13 23:59:59.999000
2023-03-14 00:00:00,24113.70000000,26375.50000000,23841.00000000,24674.99000000,6755.91332300,2023-03-14 23:59:59.999000
2023-03-15 00:00:00,24670.89000000,25172.43000000,23897.84000000,24278.47000000,4551.13937000,2023-03-15 23:59:59.999000
2023-03-16 00:00:00,24281.60000000,25165.66000000,24121.62000000,25003.06000000,2970.19364000,2023-03-16 23:59:59.999000
2023-03-17 00:00:00,25003.06000000,27750.45000000,24893.79000000,27391.98000000,2713.28240500,2023-03-17 23:59:59.999000
2023-03-18 00:00:00,27394.17000000,27721.45000000,26590.99000000,26917.17000000,1423.96384000,2023-03-18 23:59:59.999000
2023-03-19 00:00:00,26917.17000000,28381.43000000,26839.63000000,27958.56000000,1472.72230100,2023-03-19 23:59:59.999000
2023-03-20 00:00:00,27969.70000000,28461.22000000,27134.40000000,27720.95000000,2063.86929000,2023-03-20 23:59:59.999000
2023-03-21 00:00:00,27723.72000000,28430.56000000,27308.19000000,28110.26000000,1190.29244000,2023-03-21 23:59:59.999000
2023-03-22 00:00:00,28108.29000000,28861.27000000,26603.54000000,27254.54000000,2825.29886400,2023-03-22 23:59:59.999000
2023-03-23 00:00:00,27242.30000000,28751.33000000,27116.41000000,28286.72000000,2591.64345000,2023-03-23 23:59:59.999000
2023-03-24 00:00:00,28293.09000000,28378.16000000,27016.08000000,27444.02000000,2344.98984000,2023-03-24 23:59:59.999000
2023-03-25 00:00:00,27460.00000000,27786.46000000,27155.49000000,27462.53000000,747.85679000,2023-03-25 23:59:59.999000
2023-03-26 00:00:00,27457.51000000,28197.07000000,27414.51000000,27984.74000000,871.17260000,2023-03-26 23:59:59.999000
2023-03-27 00:00:00,27963.23000000,28024.99000000,26513.45000000,27128.98000000,2414.15281000,2023-03-27 23:59:59.999000
2023-03-28 00:00:00,27133.87000000,27505.89000000,26635.48000000,27260.91000000,2444.00856000,2023-03-28 23:59:59.999000
2023-03-29 00:00:00,27266.53000000,28646.63000000,27242.31000000,28354.39000000,3091.75909000,2023-03-29 23:59:59.999000
2023-03-30 00:00:00,28341.68000000,29182.00000000,27697.25000000,28035.67000000,4685.15013200,2023-03-30 23:59:59.999000
2023-03-31 00:00:00,28033.22000000,28657.69000000,27510.35000000,28460.08000000,3264.42222000,2023-03-31 23:59:59.999000
2023-04-01 00:00:00,28460.10000000,28815.32000000,28218.91000000,28452.75000000,913.66801000,2023-04-01 23:59:59.999000
2023-04-02 00:00:00,28449.00000000,28530.76000000,27854.49000000,28176.40000000,1189.99710000,2023-04-02 23:59:59.999000
2023-04-03 00:00:00,28177.46000000,28500.29000000,27265.00000000,27806.67000000,3575.72719000,2023-04-03 23:59:59.999000
2023-04-04 00:00:00,27793.56000000,28440.30000000,27654.08000000,28164.56000000,2375.33862000,2023-04-04 23:59:59.999000
2023-04-05 00:00:00,28157.88000000,28770.27000000,27828.89000000,28166.68000000,2440.36142000,2023-04-05 23:59:59.999000
2023-04-06 00:00:00,28166.68000000,28185.68000000,27711.66000000,28031.19000000,1433.80828000,2023-04-06 23:59:59.999000
2023-04-07 00:00:00,28033.82000000,28104.60000000,27763.30000000,27901.70000000,822.73371000,2023-04-07 23:59:59.999000
2023-04-08 00:00:00,27901.59000000,28156.05000000,27854.98000000,27941.17000000,376.18819000,2023-04-08 23:59:59.999000
2023-04-09 00:00:00,27935.62000000,28531.54000000,27797.43000000,28324.72000000,854.09292000,2023-04-09 23:59:59.999000
2023-04-10 00:00:00,28324.40000000,29769.78000000,28159.33000000,29642.28000000,1858.42948400,2023-04-10 23:59:59.999000
2023-04-11 00:00:00,29636.58000000,30560.60000000,29589.23000000,30196.78000000,2445.70585200,2023-04-11 23:59:59.999000
2023-04-12 00:00:00,30196.78000000,30482.07000000,29650.00000000,29891.39000000,2395.59523000,2023-04-12 23:59:59.999000
2023-04-13 00:00:00,29891.39000000,30583.58000000,29851.17000000,30376.49000000,2115.01482400,2023-04-13 23:59:59.999000
2023-04-14 00:00:00,30378.69000000,31015.88000000,29966.04000000,30461.90000000,3084.71479900,2023-04-14 23:59:59.999000
2023-04-15 00:00:00,30466.38000000,30596.82000000,30199.57000000,30293.10000000,862.57072000,2023-04-15 23:59:59.999000
2023-04-16 00:00:00,30296.76000000,30547.63000000,30118.55000000,30301.91000000,1069.92307000,2023-04-16 23:59:59.999000
2023-04-17 00:00:00,30300.78000000,30322.57000000,29240.22000000,29429.64000000,2358.13101000,2023-04-17 23:59:59.999000
2023-04-18 00:00:00,29429.64000000,30486.46000000,29095.30000000,30381.36000000,3380.29609000,2023-04-18 23:59:59.999000
2023-04-19 00:00:00,30382.20000000,30409.62000000,28574.50000000,28798.07000000,4498.91245000,2023-04-19 23:59:59.999000
2023-04-20 00:00:00,28796.00000000,29083.99000000,27999.36000000,28240.95000000,3391.78918000,2023-04-20 23:59:59.999000
2023-04-21 00:00:00,28240.95000000,28370.56000000,27136.94000000,27263.02000000,3530.68713000,2023-04-21 23:59:59.999000
2023-04-22 00:00:00,27259.36000000,27881.46000000,27144.51000000,27818.20000000,1630.99713000,2023-04-22 23:59:59.999000
2023-04-23 00:00:00,27813.95000000,27819.65000000,27333.08000000,27588.59000000,1748.96198000,2023-04-23 23:59:59.999000
2023-04-24 00:00:00,27587.87000000,27998.15000000,26962.30000000,27512.82000000,3403.33245000,2023-04-24 23:59:59.999000
2023-04-25 00:00:00,27512.18000000,28391.62000000,27191.21000000,28296.98000000,2977.17603000,2023-04-25 23:59:59.999000
2023-04-26 00:00:00,28303.19000000,30030.41000000,27249.00000000,28418.62000000,6455.58602000,2023-04-26 23:59:59.999000
2023-04-27 00:00:00,28419.14000000,29896.44000000,28377.78000000,29475.32000000,3965.41484000,2023-04-27 23:59:59.999000
2023-04-28 00:00:00,29476.82000000,29593.39000000,28885.61000000,29312.93000000,1854.90346000,2023-04-28 23:59:59.999000
2023-04-29 00:00:00,29317.65000000,29444.40000000,29038.97000000,29228.32000000,569.11839000,2023-04-29 23:59:59.999000
2023-04-30 00:00:00,29228.38000000,29962.87000000,29088.14000000,29224.89000000,1295.21726000,2023-04-30 23:59:59.999000
2023-05-01 00:00:00,29237.64000000,29334.06000000,27667.89000000,28073.30000000,2107.08053000,2023-05-01 23:59:59.999000
2023-05-02 00:00:00,28068.26000000,28881.04000000,27869.80000000,28671.76000000,1585.44208000,2023-05-02 23:59:59.999000
2023-05-03 00:00:00,28669.63000000,29266.83000000,28120.00000000,29030.86000000,2945.05292000,2023-05-03 23:59:59.999000
2023-05-04 00:00:00,29030.55000000,29381.71000000,28663.22000000,28838.07000000,1434.38754000,2023-05-04 23:59:59.999000
2023-05-05 00:00:00,28847.85000000,29678.60000000,28804.94000000,29504.40000000,1956.51079000,2023-05-05 23:59:59.999000
2023-05-06 00:00:00,29505.43000000,29831.41000000,28333.15000000,28846.33000000,1278.79910000,2023-05-06 23:59:59.999000
2023-05-07 00:00:00,28846.33000000,29133.92000000,28398.29000000,28426.29000000,895.69981000,2023-05-07 23:59:59.999000
2023-05-08 00:00:00,28434.44000000,28631.55000000,27264.83000000,27669.62000000,2380.08777000,2023-05-08 23:59:59.999000
2023-05-09 00:00:00,27658.38000000,27821.31000000,27351.56000000,27623.40000000,540.57540000,2023-05-09 23:59:59.999000
2023-05-10 00:00:00,27632.61000000,28316.76000000,26839.91000000,27599.60000000,641.37046000,2023-05-10 23:59:59.999000
2023-05-11 00:00:00,27592.89000000,27624.39000000,26713.98000000,26972.18000000,448.66664000,2023-05-11 23:59:59.999000
2023-05-12 00:00:00,26972.63000000,27083.96000000,25816.67000000,26790.85000000,635.89815000,2023-05-12 23:59:59.999000
2023-05-13 00:00:00,26801.54000000,27038.75000000,26688.04000000,26779.72000000,239.03580000,2023-05-13 23:59:59.999000
2023-05-14 00:00:00,26769.29000000,27200.00000000,26575.51000000,26914.59000000,336.79274000,2023-05-14 23:59:59.999000
2023-05-15 00:00:00,26917.28000000,27660.54000000,26734.85000000,27164.79000000,644.40195000,2023-05-15 23:59:59.999000
2023-05-16 00:00:00,27158.37000000,27294.73000000,26841.80000000,27035.73000000,429.98840000,2023-05-16 23:59:59.999000
2023-05-17 00:00:00,27035.73000000,27496.07000000,26546.47000000,27405.87000000,721.83000000,2023-05-17 23:59:59.999000
2023-05-18 00:00:00,27407.94000000,27484.31000000,26328.20000000,26820.90000000,698.56373000,2023-05-18 23:59:59.999000
2023-05-19 00:00:00,26822.07000000,27173.00000000,26639.22000000,26880.33000000,373.31201000,2023-05-19 23:59:59.999000
2023-05-20 00:00:00,26885.35000000,27156.60000000,26824.96000000,27100.70000000,148.42648000,2023-05-20 23:59:59.999000
2023-05-21 00:00:00,27106.16000000,27275.06000000,26670.33000000,26746.96000000,334.04825000,2023-05-21 23:59:59.999000
2023-05-22 00:00:00,26740.50000000,27092.02000000,26539.18000000,26853.73000000,833.06650000,2023-05-22 23:59:59.999000
2023-05-23 00:00:00,26847.43000000,27493.33000000,26800.00000000,27224.87000000,1027.44256000,2023-05-23 23:59:59.999000
2023-05-24 00:00:00,27223.34000000,27223.34000000,26080.19000000,26331.72000000,989.83037000,2023-05-24 23:59:59.999000
2023-05-25 00:00:00,26321.61000000,26621.37000000,25873.88000000,26473.26000000,754.58955000,2023-05-25 23:59:59.999000
2023-05-26 00:00:00,26479.19000000,26933.45000000,26328.31000000,26701.03000000,515.97944000,2023-05-26 23:59:59.999000
2023-05-27 00:00:00,26707.46000000,26888.00000000,26555.00000000,26855.50000000,242.07005000,2023-05-27 23:59:59.999000
2023-05-28 00:00:00,26857.06000000,28256.38000000,26768.59000000,28063.46000000,585.09302000,2023-05-28 23:59:59.999000
2023-05-29 00:00:00,28069.22000000,28444.71000000,27526.32000000,27738.83000000,811.60832000,2023-05-29 23:59:59.999000
2023-05-30 00:00:00,27737.94000000,28041.41000000,27556.70000000,27696.30000000,715.64459000,2023-05-30 23:59:59.999000
2023-05-31 00:00:00,27688.81000000,27834.35000000,26832.67000000,27213.15000000,899.40734000,2023-05-31 23:59:59.999000
2023-06-01 00:00:00,27213.15000000,27347.62000000,26611.33000000,26815.41000000,682.48871000,2023-06-01 23:59:59.999000
2023-06-02 00:00:00,26812.50000000,27298.40000000,26500.00000000,27241.48000000,583.12988000,2023-06-02 23:59:59.999000
2023-06-03 00:00:00,27245.09000000,27325.93000000,26913.43000000,27068.35000000,246.40205000,2023-06-03 23:59:59.999000
2023-06-04 00:00:00,27068.35000000,27454.70000000,26952.60000000,27124.27000000,283.16666000,2023-06-04 23:59:59.999000
2023-06-05 00:00:00,27107.75000000,27133.99000000,25395.44000000,25725.97000000,836.83073000,2023-06-05 23:59:59.999000
2023-06-06 00:00:00,25733.56000000,27274.20000000,25355.82000000,27235.20000000,800.25667000,2023-06-06 23:59:59.999000
2023-06-07 00:00:00,27240.65000000,27363.71000000,26270.41000000,26344.30000000,371.26585000,2023-06-07 23:59:59.999000
2023-06-08 00:00:00,26344.50000000,26793.17000000,26246.40000000,26525.73000000,137.95613000,2023-06-08 23:59:59.999000
2023-06-09 00:00:00,26525.71000000,26762.26000000,26305.90000000,26504.97000000,251.90923000,2023-06-09 23:59:59.999000
2023-06-10 00:00:00,26505.11000000,26544.00000000,25551.40000000,25849.51000000,253.88218000,2023-06-10 23:59:59.999000
2023-06-11 00:00:00,25842.28000000,26192.22000000,25689.58000000,25919.52000000,154.07575000,2023-06-11 23:59:59.999000
2023-06-12 00:00:00,25933.43000000,26081.00000000,25675.00000000,25925.43000000,193.80550000,2023-06-12 23:59:59.999000
2023-06-13 00:00:00,25925.43000000,26356.07000000,25738.31000000,25924.41000000,186.40563000,2023-06-13 23:59:59.999000
2023-06-14 00:00:00,25925.46000000,26098.35000000,25019.04000000,25124.36000000,234.26558000,2023-06-14 23:59:59.999000
2023-06-15 00:00:00,25132.59000000,25722.99000000,24817.35000000,25595.96000000,217.78144000,2023-06-15 23:59:59.999000
2023-06-16 00:00:00,25605.96000000,26452.16000000,25289.67000000,26354.99000000,186.12735000,2023-06-16 23:59:59.999000
2023-06-17 00:00:00,26354.98000000,26763.68000000,26078.69000000,26528.85000000,105.86557000,2023-06-17 23:59:59.999000
2023-06-18 00:00:00,26515.99000000,26707.24000000,26296.39000000,26349.44000000,95.21130000,2023-06-18 23:59:59.999000
2023-06-19 00:00:00,26349.44000000,26995.37000000,26272.97000000,26832.67000000,109.95144000,2023-06-19 23:59:59.999000
2023-06-20 00:00:00,26824.10000000,28419.28000000,26628.01000000,28316.76000000,310.47523000,2023-06-20 23:59:59.999000
2023-06-21 00:00:00,28322.72000000,138070.00000000,28259.32000000,30009.46000000,518.04930000,2023-06-21 23:59:59.999000
2023-06-22 00:00:00,30009.00000000,30533.01000000,29800.00000000,29922.22000000,292.20200000,2023-06-22 23:59:59.999000
2023-06-23 00:00:00,29907.00000000,31392.15000000,29850.00000000,30660.00000000,287.12504000,2023-06-23 23:59:59.999000
2023-06-24 00:00:00,30671.38000000,30841.70000000,30290.19000000,30527.01000000,111.16373000,2023-06-24 23:59:59.999000
2023-06-25 00:00:00,30540.70000000,30994.44000000,30344.00000000,30470.93000000,135.44209000,2023-06-25 23:59:59.999000
2023-06-26 00:00:00,30449.56000000,30660.20000000,29944.00000000,30275.00000000,130.72946000,2023-06-26 23:59:59.999000
2023-06-27 00:00:00,30275.00000000,30974.22000000,30234.53000000,30707.77000000,137.63916000,2023-06-27 23:59:59.999000
2023-06-28 00:00:00,30688.00000000,30715.84000000,29890.00000000,30098.93000000,186.45661000,2023-06-28 23:59:59.999000
2023-06-29 00:00:00,30081.95000000,30818.00000000,30043.00000000,30430.01000000,240.32080000,2023-06-29 23:59:59.999000
2023-06-30 00:00:00,30430.01000000,31239.69000000,30034.00000000,30476.80000000,373.70658000,2023-06-30 23:59:59.999000
2023-07-01 00:00:00,30476.83000000,30656.40000000,30338.23000000,30604.99000000,104.99358000,2023-07-01 23:59:59.999000
2023-07-02 00:00:00,30604.97000000,30777.01000000,30300.00000000,30625.00000000,121.66079000,2023-07-02 23:59:59.999000
2023-07-03 00:00:00,30626.45000000,31375.14000000,30576.02000000,31160.00000000,164.70626000,2023-07-03 23:59:59.999000
2023-07-04 00:00:00,31161.68000000,31338.99000000,30642.28000000,30780.94000000,125.17742000,2023-07-04 23:59:59.999000
2023-07-05 00:00:00,30775.00000000,30860.03000000,30203.84000000,30514.97000000,130.42412000,2023-07-05 23:59:59.999000
2023-07-06 00:00:00,30504.99000000,31380.00000000,29800.50000000,29895.19000000,342.12422000,2023-07-06 23:59:59.999000
2023-07-07 00:00:00,29913.57000000,30446.25000000,29712.21000000,30360.58000000,206.35585000,2023-07-07 23:59:59.999000
2023-07-08 00:00:00,30361.35000000,30400.82000000,30072.70000000,30280.01000000,138.85526000,2023-07-08 23:59:59.999000
2023-07-09 00:00:00,30293.97000000,30438.56000000,30088.13000000,30194.99000000,98.20702000,2023-07-09 23:59:59.999000
2023-07-10 00:00:00,30194.99000000,31030.52000000,30000.00000000,30435.98000000,233.90207000,2023-07-10 23:59:59.999000
2023-07-11 00:00:00,30432.99000000,30795.03000000,30379.59000000,30626.01000000,139.31124000,2023-07-11 23:59:59.999000
2023-07-12 00:00:00,30619.88000000,30955.77000000,30220.32000000,30365.00000000,201.24800000,2023-07-12 23:59:59.999000
2023-07-13 00:00:00,30369.00000000,32000.00000000,30267.71000000,31454.17000000,404.61645000,2023-07-13 23:59:59.999000
2023-07-14 00:00:00,31449.99000000,31526.12000000,29955.43000000,30313.00000000,385.41818000,2023-07-14 23:59:59.999000
2023-07-15 00:00:00,30313.00000000,30375.74000000,30237.00000000,30288.46000000,79.04124000,2023-07-15 23:59:59.999000
2023-07-16 00:00:00,30294.99000000,30432.33000000,30069.13000000,30225.15000000,123.73596000,2023-07-16 23:59:59.999000
2023-07-17 00:00:00,30236.18000000,30330.38000000,29667.69000000,30154.58000000,223.99240000,2023-07-17 23:59:59.999000
2023-07-18 00:00:00,30154.57000000,30225.00000000,29689.00000000,29864.32000000,205.57209000,2023-07-18 23:59:59.999000
2023-07-19 00:00:00,29876.36000000,30172.82000000,29765.84000000,29925.02000000,177.27548000,2023-07-19 23:59:59.999000
2023-07-20 00:00:00,29944.72000000,30414.40000000,29566.71000000,29809.99000000,248.87074000,2023-07-20 23:59:59.999000
2023-07-21 00:00:00,29809.99000000,30052.74000000,29730.00000000,29899.99000000,134.00071000,2023-07-21 23:59:59.999000
2023-07-22 00:00:00,29899.99000000,29985.79000000,29680.00000000,29785.02000000,80.28221000,2023-07-22 23:59:59.999000
2023-07-23 00:00:00,29798.25000000,30330.00000000,29745.01000000,30079.91000000,150.46982000,2023-07-23 23:59:59.999000
2023-07-24 00:00:00,30079.91000000,30101.56000000,28865.83000000,29175.51000000,268.99459000,2023-07-24 23:59:59.999000
2023-07-25 00:00:00,29189.43000000,29373.78000000,29050.05000000,29215.05000000,96.05095000,2023-07-25 23:59:59.999000
2023-07-26 00:00:00,29229.96000000,29636.38000000,29100.00000000,29352.35000000,212.83988000,2023-07-26 23:59:59.999000
2023-07-27 00:00:00,29354.04000000,29580.15000000,29085.44000000,29220.01000000,114.03322000,2023-07-27 23:59:59.999000
2023-07-28 00:00:00,29234.69000000,29535.00000000,29120.00000000,29310.22000000,85.97708000,2023-07-28 23:59:59.999000
2023-07-29 00:00:00,29324.85000000,29411.42000000,29254.66000000,29345.00000000,51.74605000,2023-07-29 23:59:59.999000
2023-07-30 00:00:00,29347.23000000,29434.09000000,29045.16000000,29290.11000000,83.47218000,2023-07-30 23:59:59.999000
2023-07-31 00:00:00,29280.01000000,29500.00000000,29110.37000000,29227.24000000,125.57218000,2023-07-31 23:59:59.999000
2023-08-01 00:00:00,29238.43000000,29600.00000000,28589.26000000,29600.00000000,263.82671000,2023-08-01 23:59:59.999000
2023-08-02 00:00:00,29600.00000000,30028.43000000,28916.79000000,29185.00000000,283.23607000,2023-08-02 23:59:59.999000
2023-08-03 00:00:00,29185.00000000,29432.06000000,28968.20000000,29194.99000000,160.89890000,2023-08-03 23:59:59.999000
2023-08-04 00:00:00,29186.28000000,29329.03000000,28969.74000000,29119.99000000,128.25689000,2023-08-04 23:59:59.999000
2023-08-05 00:00:00,29119.98000000,29185.50000000,28985.71000000,29065.97000000,69.35806000,2023-08-05 23:59:59.999000
2023-08-06 00:00:00,29065.02000000,29198.70000000,29000.16000000,29091.77000000,96.32926000,2023-08-06 23:59:59.999000
2023-08-07 00:00:00,29092.01000000,29263.74000000,28705.00000000,29200.01000000,155.12143000,2023-08-07 23:59:59.999000
2023-08-08 00:00:00,29205.00000000,30120.00000000,29142.30000000,29774.97000000,274.69808000,2023-08-08 23:59:59.999000
2023-08-09 00:00:00,29774.99000000,30120.00000000,29391.94000000,29575.01000000,177.65910000,2023-08-09 23:59:59.999000
2023-08-10 00:00:00,29575.01000000,29730.00000000,29341.32000000,29454.17000000,159.47785000,2023-08-10 23:59:59.999000
2023-08-11 00:00:00,29454.17000000,29560.00000000,29250.00000000,29427.14000000,201.05367000,2023-08-11 23:59:59.999000
2023-08-12 00:00:00,29427.13000000,29480.60000000,29381.84000000,29424.99000000,107.37273000,2023-08-12 23:59:59.999000
2023-08-13 00:00:00,29415.06000000,29467.00000000,29280.01000000,29311.08000000,87.20888000,2023-08-13 23:59:59.999000
2023-08-14 00:00:00,29301.21000000,29694.67000000,29121.97000000,29432.10000000,169.25687000,2023-08-14 23:59:59.999000
2023-08-15 00:00:00,29432.10000000,29493.20000000,29015.30000000,29190.12000000,106.07506000,2023-08-15 23:59:59.999000
2023-08-16 00:00:00,29187.21000000,29261.50000000,28720.69000000,28734.96000000,193.24183000,2023-08-16 23:59:59.999000
2023-08-17 00:00:00,28734.96000000,28780.00000000,26350.00000000,26630.00000000,445.99517000,2023-08-17 23:59:59.999000
2023-08-18 00:00:00,26625.00000000,26823.25000000,25619.90000000,26060.19000000,327.77939000,2023-08-18 23:59:59.999000
2023-08-19 00:00:00,26059.99000000,26265.84000000,25815.00000000,26106.91000000,108.76234000,2023-08-19 23:59:59.999000
2023-08-20 00:00:00,26106.90000000,26286.03000000,25992.52000000,26186.42000000,96.81339000,2023-08-20 23:59:59.999000
2023-08-21 00:00:00,26194.40000000,26250.00000000,25809.39000000,26122.59000000,110.56406000,2023-08-21 23:59:59.999000
2023-08-22 00:00:00,26133.76000000,26139.99000000,25363.16000000,26054.99000000,164.89006000,2023-08-22 23:59:59.999000
2023-08-23 00:00:00,26059.99000000,26815.00000000,25815.61000000,26449.68000000,251.58855000,2023-08-23 23:59:59.999000
2023-08-24 00:00:00,26449.68000000,26579.62000000,25886.70000000,26175.01000000,134.73212000,2023-08-24 23:59:59.999000
2023-08-25 00:00:00,26181.05000000,26299.99000000,25790.00000000,26064.10000000,196.37414000,2023-08-25 23:59:59.999000
2023-08-26 00:00:00,26064.10000000,26119.12000000,25990.38000000,26013.79000000,35.33642000,2023-08-26 23:59:59.999000
2023-08-27 00:00:00,26015.04000000,26179.37000000,25950.00000000,26098.81000000,91.37392000,2023-08-27 23:59:59.999000
2023-08-28 00:00:00,26108.53000000,26253.33000000,25875.00000000,26128.11000000,167.82147000,2023-08-28 23:59:59.999000
2023-08-29 00:00:00,26127.11000000,28135.98000000,25920.52000000,27723.71000000,427.89303000,2023-08-29 23:59:59.999000
2023-08-30 00:00:00,27724.96000000,27767.89000000,27049.81000000,27295.85000000,235.22555000,2023-08-30 23:59:59.999000
2023-08-31 00:00:00,27298.58000000,27550.15000000,25715.51000000,25949.97000000,299.19292000,2023-08-31 23:59:59.999000
2023-09-01 00:00:00,25949.97000000,26153.89000000,25355.12000000,25814.53000000,234.55928000,2023-09-01 23:59:59.999000
2023-09-02 00:00:00,25814.52000000,25974.79000000,25746.80000000,25865.00000000,72.48573000,2023-09-02 23:59:59.999000
2023-09-03 00:00:00,25864.99000000,26119.05000000,25819.46000000,25979.99000000,140.10935000,2023-09-03 23:59:59.999000
2023-09-04 00:00:00,25979.99000000,26099.47000000,25641.14000000,25829.98000000,136.25520000,2023-09-04 23:59:59.999000
2023-09-05 00:00:00,25827.68000000,25895.95000000,25578.56000000,25780.40000000,108.31735000,2023-09-05 23:59:59.999000
2023-09-06 00:00:00,25784.75000000,26032.91000000,25373.40000000,25764.99000000,162.75791000,2023-09-06 23:59:59.999000
2023-09-07 00:00:00,25764.99000000,26445.78000000,25620.00000000,26253.88000000,158.85946000,2023-09-07 23:59:59.999000
2023-09-08 00:00:00,26253.88000000,26429.26000000,25689.90000000,25912.99000000,109.69690000,2023-09-08 23:59:59.999000
2023-09-09 00:00:00,25905.05000000,25942.94000000,25806.00000000,25907.40000000,61.87145000,2023-09-09 23:59:59.999000
2023-09-10 00:00:00,25903.20000000,26000.00000000,25591.08000000,25837.78000000,115.26437000,2023-09-10 23:59:59.999000
2023-09-11 00:00:00,25837.78000000,25891.46000000,24900.00000000,25164.13000000,273.08039000,2023-09-11 23:59:59.999000
2023-09-12 00:00:00,25157.25000000,26440.00000000,25129.38000000,25840.19000000,286.70640000,2023-09-12 23:59:59.999000
2023-09-13 00:00:00,25840.20000000,26404.02000000,25781.11000000,26215.57000000,189.91369000,2023-09-13 23:59:59.999000
2023-09-14 00:00:00,26224.27000000,26814.86000000,26146.20000000,26521.80000000,245.60104000,2023-09-14 23:59:59.999000
2023-09-15 00:00:00,26536.10000000,26879.80000000,26223.75000000,26603.66000000,181.06799000,2023-09-15 23:59:59.999000
2023-09-16 00:00:00,26599.99000000,26772.74000000,26451.15000000,26564.87000000,115.57404000,2023-09-16 23:59:59.999000
2023-09-17 00:00:00,26564.87000000,26619.58000000,26385.94000000,26525.01000000,86.33486000,2023-09-17 23:59:59.999000
2023-09-18 00:00:00,26525.01000000,27411.97000000,26400.00000000,26756.08000000,291.42457000,2023-09-18 23:59:59.999000
2023-09-19 00:00:00,26764.99000000,27483.06000000,26660.01000000,27212.67000000,250.90933000,2023-09-19 23:59:59.999000
2023-09-20 00:00:00,27212.69000000,27387.41000000,26857.59000000,27134.94000000,208.20494000,2023-09-20 23:59:59.999000
2023-09-21 00:00:00,27121.69000000,27152.52000000,26342.00000000,26566.44000000,229.63043000,2023-09-21 23:59:59.999000
2023-09-22 00:00:00,26573.55000000,26720.00000000,26491.73000000,26579.73000000,124.65930000,2023-09-22 23:59:59.999000
2023-09-23 00:00:00,26582.00000000,26632.83000000,26508.65000000,26580.03000000,57.47507000,2023-09-23 23:59:59.999000
2023-09-24 00:00:00,26584.99000000,26733.07000000,26170.88000000,26243.85000000,103.37993000,2023-09-24 23:59:59.999000
2023-09-25 00:00:00,26249.99000000,26439.49000000,26002.79000000,26300.00000000,168.70237000,2023-09-25 23:59:59.999000
2023-09-26 00:00:00,26300.00000000,26407.33000000,26095.00000000,26211.63000000,118.01781000,2023-09-26 23:59:59.999000
2023-09-27 00:00:00,26219.86000000,26841.47000000,26111.78000000,26373.99000000,235.94715000,2023-09-27 23:59:59.999000
2023-09-28 00:00:00,26373.99000000,27294.60000000,26340.00000000,27023.99000000,284.86239000,2023-09-28 23:59:59.999000
2023-09-29 00:00:00,27023.98000000,27226.01000000,26600.00000000,26909.86000000,194.77297000,2023-09-29 23:59:59.999000
2023-09-30 00:00:00,26902.97000000,27100.00000000,26886.09000000,26960.01000000,92.61436000,2023-09-30 23:59:59.999000
2023-10-01 00:00:00,26960.00000000,28024.00000000,26956.00000000,27994.99000000,182.15753000,2023-10-01 23:59:59.999000
2023-10-02 00:00:00,27994.99000000,28485.97000000,27290.80000000,27544.99000000,305.42682000,2023-10-02 23:59:59.999000
2023-10-03 00:00:00,27538.64000000,27673.49000000,27158.39000000,27420.00000000,202.03119000,2023-10-03 23:59:59.999000
2023-10-04 00:00:00,27420.99000000,27835.19000000,27246.00000000,27790.15000000,187.67526000,2023-10-04 23:59:59.999000
2023-10-05 00:00:00,27789.66000000,28138.10000000,27350.00000000,27419.92000000,196.41966000,2023-10-05 23:59:59.999000
2023-10-06 00:00:00,27410.02000000,28127.18000000,27069.93000000,27935.03000000,225.39403000,2023-10-06 23:59:59.999000
2023-10-07 00:00:00,27936.00000000,27975.14000000,27843.65000000,27952.00000000,69.06262000,2023-10-07 23:59:59.999000
2023-10-08 00:00:00,27952.00000000,28090.00000000,27689.99000000,27920.00000000,106.82616000,2023-10-08 23:59:59.999000
2023-10-09 00:00:00,27915.01000000,27984.99000000,27250.00000000,27584.59000000,168.02213000,2023-10-09 23:59:59.999000
2023-10-10 00:00:00,27579.67000000,27700.00000000,27297.92000000,27418.69000000,128.99393000,2023-10-10 23:59:59.999000
2023-10-11 00:00:00,27418.69000000,27477.99000000,26542.08000000,26879.99000000,208.78740000,2023-10-11 23:59:59.999000
2023-10-12 00:00:00,26879.99000000,26946.79000000,26555.82000000,26764.31000000,114.60949000,2023-10-12 23:59:59.999000
2023-10-13 00:00:00,26765.00000000,27147.40000000,26689.10000000,26859.53000000,134.54676000,2023-10-13 23:59:59.999000
2023-10-14 00:00:00,26866.14000000,26986.72000000,26793.53000000,26858.31000000,59.97108000,2023-10-14 23:59:59.999000
2023-10-15 00:00:00,26858.10000000,27250.00000000,26815.02000000,27135.01000000,87.94757000,2023-10-15 23:59:59.999000
2023-10-16 00:00:00,27141.12000000,28803.36000000,27087.80000000,28466.74000000,295.79009000,2023-10-16 23:59:59.999000
2023-10-17 00:00:00,28466.63000000,28579.81000000,28064.10000000,28403.58000000,186.50895000,2023-10-17 23:59:59.999000
2023-10-18 00:00:00,28403.38000000,28941.84000000,28140.00000000,28318.99000000,182.28542000,2023-10-18 23:59:59.999000
2023-10-19 00:00:00,28318.99000000,28803.36000000,28137.02000000,28717.45000000,199.52404000,2023-10-19 23:59:59.999000
2023-10-20 00:00:00,28718.45000000,29836.84000000,28616.92000000,29659.06000000,278.35869000,2023-10-20 23:59:59.999000
2023-10-21 00:00:00,29659.07000000,30200.00000000,29455.30000000,29904.46000000,186.32447000,2023-10-21 23:59:59.999000
2023-10-22 00:00:00,29904.85000000,30130.00000000,29700.00000000,29992.78000000,132.86552000,2023-10-22 23:59:59.999000
2023-10-23 00:00:00,29992.78000000,33425.56000000,29875.50000000,32915.00000000,503.45501000,2023-10-23 23:59:59.999000
2023-10-24 00:00:00,32915.00000000,35100.00000000,32846.23000000,33932.19000000,625.25892000,2023-10-24 23:59:59.999000
2023-10-25 00:00:00,33932.22000000,35000.00000000,33670.98000000,34520.97000000,344.09174000,2023-10-25 23:59:59.999000
2023-10-26 00:00:00,34520.97000000,34803.48000000,33762.93000000,34157.97000000,302.09876000,2023-10-26 23:59:59.999000
2023-10-27 00:00:00,34174.04000000,34248.27000000,33201.35000000,33870.00000000,193.98987000,2023-10-27 23:59:59.999000
2023-10-28 00:00:00,33870.00000000,34314.90000000,33818.82000000,34097.09000000,85.94278000,2023-10-28 23:59:59.999000
2023-10-29 00:00:00,34095.30000000,34717.13000000,33936.34000000,34522.08000000,138.24133000,2023-10-29 23:59:59.999000
2023-10-30 00:00:00,34531.64000000,34873.66000000,34052.33000000,34481.52000000,235.60469000,2023-10-30 23:59:59.999000
2023-10-31 00:00:00,34481.52000000,34635.00000000,34064.94000000,34627.47000000,179.45831000,2023-10-31 23:59:59.999000
2023-11-01 00:00:00,34627.20000000,35496.20000000,34100.00000000,35400.13000000,370.11502000,2023-11-01 23:59:59.999000
2023-11-02 00:00:00,35427.62000000,35954.99000000,34555.00000000,34942.95000000,328.43787000,2023-11-02 23:59:59.999000
2023-11-03 00:00:00,34945.31000000,34947.97000000,34121.79000000,34720.25000000,215.27124000,2023-11-03 23:59:59.999000
2023-11-04 00:00:00,34707.48000000,35211.47000000,34588.28000000,35048.07000000,104.67040000,2023-11-04 23:59:59.999000
2023-11-05 00:00:00,35038.73000000,35377.11000000,34600.00000000,35024.18000000,154.72625000,2023-11-05 23:59:59.999000
2023-11-06 00:00:00,35007.74000000,35278.00000000,34735.93000000,35042.52000000,227.77083000,2023-11-06 23:59:59.999000
2023-11-07 00:00:00,35040.08000000,35700.00000000,34524.98000000,35385.60000000,287.00925000,2023-11-07 23:59:59.999000
2023-11-08 00:00:00,35405.58000000,35947.00000000,35103.03000000,35628.94000000,287.54097000,2023-11-08 23:59:59.999000
2023-11-09 00:00:00,35628.93000000,37974.85000000,35550.00000000,36680.47000000,646.32063000,2023-11-09 23:59:59.999000
2023-11-10 00:00:00,36701.93000000,37450.00000000,36400.01000000,37295.58000000,296.49994000,2023-11-10 23:59:59.999000
2023-11-11 00:00:00,37278.23000000,37387.00000000,36728.06000000,37143.52000000,181.84587000,2023-11-11 23:59:59.999000
2023-11-12 00:00:00,37140.00000000,37199.00000000,36760.00000000,37085.20000000,105.98480000,2023-11-12 23:59:59.999000
2023-11-13 00:00:00,37085.19000000,37399.00000000,36193.30000000,36466.15000000,257.17992000,2023-11-13 23:59:59.999000
2023-11-14 00:00:00,36465.60000000,36744.96000000,35200.00000000,35557.53000000,296.88478000,2023-11-14 23:59:59.999000
2023-11-15 00:00:00,35550.00000000,37850.00000000,35378.95000000,37846.08000000,321.64399000,2023-11-15 23:59:59.999000
2023-11-16 00:00:00,37846.09000000,37850.00000000,35505.64000000,36209.38000000,355.45139000,2023-11-16 23:59:59.999000
2023-11-17 00:00:00,36197.88000000,36699.00000000,35868.57000000,36566.73000000,255.38624000,2023-11-17 23:59:59.999000
2023-11-18 00:00:00,36566.73000000,36765.65000000,36192.87000000,36568.81000000,98.56694000,2023-11-18 23:59:59.999000
2023-11-19 00:00:00,36570.01000000,37429.55000000,36391.47000000,37352.05000000,181.97825000,2023-11-19 23:59:59.999000
2023-11-20 00:00:00,37357.64000000,37696.51000000,36704.26000000,37400.00000000,268.74155000,2023-11-20 23:59:59.999000
2023-11-21 00:00:00,37400.01000000,37575.51000000,35755.00000000,35780.49000000,376.67386000,2023-11-21 23:59:59.999000
2023-11-22 00:00:00,35755.01000000,37740.00000000,35735.33000000,37360.00000000,367.60566000,2023-11-22 23:59:59.999000
2023-11-23 00:00:00,37365.11000000,37649.99000000,36886.88000000,37290.14000000,171.55226000,2023-11-23 23:59:59.999000
2023-11-24 00:00:00,37302.01000000,38404.20000000,37254.54000000,37716.86000000,285.51062000,2023-11-24 23:59:59.999000
2023-11-25 00:00:00,37725.01000000,37888.00000000,37593.67000000,37794.42000000,81.81006000,2023-11-25 23:59:59.999000
2023-11-26 00:00:00,37777.01000000,37821.55000000,37181.00000000,37450.00000000,138.10811000,2023-11-26 23:59:59.999000
2023-11-27 00:00:00,37450.00000000,37557.77000000,36720.09000000,37237.52000000,165.29516000,2023-11-27 23:59:59.999000
2023-11-28 00:00:00,37251.95000000,38222.00000000,36875.00000000,37823.40000000,260.66305000,2023-11-28 23:59:59.999000
2023-11-29 00:00:00,37824.52000000,38432.91000000,37575.00000000,37861.76000000,224.76946000,2023-11-29 23:59:59.999000
2023-11-30 00:00:00,37845.94000000,38141.87000000,37509.01000000,37730.97000000,185.06330000,2023-11-30 23:59:59.999000
2023-12-01 00:00:00,37730.95000000,38976.67000000,37611.02000000,38688.50000000,305.46832000,2023-12-01 23:59:59.999000
2023-12-02 00:00:00,38686.64000000,39699.95000000,38639.15000000,39453.91000000,167.97752000,2023-12-02 23:59:59.999000
2023-12-03 00:00:00,39471.72000000,40179.82000000,39277.33000000,40020.00000000,215.89243000,2023-12-03 23:59:59.999000
2023-12-04 00:00:00,40019.99000000,42399.12000000,40000.00000000,41998.28000000,528.09176000,2023-12-04 23:59:59.999000
2023-12-05 00:00:00,41980.02000000,44482.83000000,41420.69000000,44151.45000000,476.49982000,2023-12-05 23:59:59.999000
2023-12-06 00:00:00,44153.06000000,44278.84000000,43382.42000000,43779.58000000,327.97515000,2023-12-06 23:59:59.999000
2023-12-07 00:00:00,43779.59000000,44038.08000000,42961.77000000,43283.59000000,257.92184000,2023-12-07 23:59:59.999000
2023-12-08 00:00:00,43284.97000000,44700.01000000,43082.72000000,44178.56000000,271.66113000,2023-12-08 23:59:59.999000
2023-12-09 00:00:00,44154.13000000,44348.86000000,43600.32000000,43701.86000000,130.27304000,2023-12-09 23:59:59.999000
2023-12-10 00:00:00,43727.71000000,44024.18000000,43600.02000000,43788.74000000,108.32280000,2023-12-10 23:59:59.999000
2023-12-11 00:00:00,43777.37000000,43820.00000000,40232.18000000,41237.41000000,349.01806000,2023-12-11 23:59:59.999000
2023-12-12 00:00:00,41237.41000000,42100.00000000,40679.77000000,41465.48000000,246.18935000,2023-12-12 23:59:59.999000
2023-12-13 00:00:00,41494.58000000,43440.76000000,40647.38000000,42878.34000000,261.76573000,2023-12-13 23:59:59.999000
2023-12-14 00:00:00,42890.31000000,43411.81000000,41503.81000000,43031.93000000,245.77770000,2023-12-14 23:59:59.999000
2023-12-15 00:00:00,43021.33000000,43081.95000000,41684.56000000,41932.39000000,162.94656000,2023-12-15 23:59:59.999000
2023-12-16 00:00:00,41938.42000000,42699.99000000,41624.60000000,42258.78000000,95.56071000,2023-12-16 23:59:59.999000
2023-12-17 00:00:00,42258.94000000,42407.93000000,41281.80000000,41368.43000000,91.01864000,2023-12-17 23:59:59.999000
2023-12-18 00:00:00,41401.53000000,42707.71000000,40533.70000000,42628.76000000,198.62958000,2023-12-18 23:59:59.999000
2023-12-19 00:00:00,42640.13000000,43268.11000000,41818.34000000,42270.46000000,205.44794000,2023-12-19 23:59:59.999000
2023-12-20 00:00:00,42285.38000000,44266.37000000,42207.14000000,43676.00000000,280.86640000,2023-12-20 23:59:59.999000
2023-12-21 00:00:00,43661.78000000,44230.00000000,43303.88000000,43854.69000000,240.31770000,2023-12-21 23:59:59.999000
2023-12-22 00:00:00,43854.09000000,44250.00000000,43468.86000000,43961.99000000,216.33361000,2023-12-22 23:59:59.999000
2023-12-23 00:00:00,43936.56000000,43985.00000000,43316.80000000,43700.10000000,122.84694000,2023-12-23 23:59:59.999000
2023-12-24 00:00:00,43700.12000000,43928.28000000,42820.95000000,42991.17000000,199.04718000,2023-12-24 23:59:59.999000
2023-12-25 00:00:00,42965.64000000,43739.17000000,42759.01000000,43607.38000000,135.29789000,2023-12-25 23:59:59.999000
2023-12-26 00:00:00,43583.07000000,43605.95000000,41788.00000000,42526.37000000,165.30277000,2023-12-26 23:59:59.999000
2023-12-27 00:00:00,42505.16000000,43657.61000000,42126.60000000,43410.09000000,177.57394000,2023-12-27 23:59:59.999000
2023-12-28 00:00:00,43434.54000000,43723.42000000,42320.00000000,42601.54000000,168.15707000,2023-12-28 23:59:59.999000
2023-12-29 00:00:00,42601.54000000,43098.35000000,41296.35000000,42085.42000000,228.64850000,2023-12-29 23:59:59.999000
2023-12-30 00:00:00,42085.36000000,42598.22000000,41516.66000000,42138.01000000,146.52109000,2023-12-30 23:59:59.999000
2023-12-31 00:00:00,42163.09000000,42858.40000000,42007.52000000,42255.16000000,151.28184000,2023-12-31 23:59:59.999000
2024-01-01 00:00:00,42278.79000000,44000.00000000,42212.00000000,43999.99000000,177.52851000,2024-01-01 23:59:59.999000
2024-01-02 00:00:00,43998.83000000,45889.62000000,43961.25000000,44953.74000000,399.57179000,2024-01-02 23:59:59.999000
2024-01-03 00:00:00,44931.83000000,45489.66000000,42045.02000000,42823.20000000,399.85334000,2024-01-03 23:59:59.999000
2024-01-04 00:00:00,42860.53000000,44689.98000000,42620.55000000,44146.81000000,288.38869000,2024-01-04 23:59:59.999000
2024-01-05 00:00:00,44128.34000000,44294.62000000,43093.58000000,44167.00000000,275.43134000,2024-01-05 23:59:59.999000
2024-01-06 00:00:00,44167.00000000,44230.08000000,43394.97000000,43952.87000000,161.57234000,2024-01-06 23:59:59.999000
2024-01-07 00:00:00,43980.60000000,44454.29000000,43660.00000000,43896.76000000,163.65028000,2024-01-07 23:59:59.999000
2024-01-08 00:00:00,43898.58000000,47110.00000000,43289.84000000,46901.44000000,427.12735000,2024-01-08 23:59:59.999000
2024-01-09 00:00:00,46905.47000000,47500.00000000,45416.18000000,46186.00000000,361.08977000,2024-01-09 23:59:59.999000
2024-01-10 00:00:00,46186.00000000,47650.50000000,44831.18000000,46665.70000000,447.57330000,2024-01-10 23:59:59.999000
2024-01-11 00:00:00,46665.70000000,48400.00000000,45687.06000000,46367.61000000,401.74124000,2024-01-11 23:59:59.999000
2024-01-12 00:00:00,46367.49000000,46508.24000000,41844.35000000,42789.35000000,372.20396000,2024-01-12 23:59:59.999000
2024-01-13 00:00:00,42848.66000000,43264.02000000,42443.05000000,42815.60000000,203.91680000,2024-01-13 23:59:59.999000
2024-01-14 00:00:00,42822.46000000,43025.69000000,41700.01000000,41700.01000000,214.76340000,2024-01-14 23:59:59.999000
2024-01-15 00:00:00,41735.63000000,43320.80000000,41636.20000000,42532.82000000,168.67596000,2024-01-15 23:59:59.999000
2024-01-16 00:00:00,42533.07000000,43554.13000000,42031.60000000,43125.41000000,194.36454000,2024-01-16 23:59:59.999000
2024-01-17 00:00:00,43162.69000000,43189.30000000,42218.33000000,42788.24000000,139.19491000,2024-01-17 23:59:59.999000
2024-01-18 00:00:00,42774.14000000,42944.60000000,40612.20000000,41323.00000000,283.46178000,2024-01-18 23:59:59.999000
2024-01-19 00:00:00,41323.00000000,42311.50000000,40308.53000000,41694.10000000,239.22309000,2024-01-19 23:59:59.999000
2024-01-20 00:00:00,41694.70000000,41859.17000000,41460.00000000,41766.80000000,75.68080000,2024-01-20 23:59:59.999000
2024-01-21 00:00:00,41742.00000000,41876.92000000,41528.23000000,41572.24000000,83.47213000,2024-01-21 23:59:59.999000
2024-01-22 00:00:00,41572.61000000,41733.10000000,39441.54000000,39553.71000000,275.10441000,2024-01-22 23:59:59.999000
2024-01-23 00:00:00,39553.71000000,40164.61000000,38570.59000000,39885.18000000,200.04517000,2024-01-23 23:59:59.999000
2024-01-24 00:00:00,39870.49000000,40554.88000000,39380.27000000,40080.86000000,91.52764000,2024-01-24 23:59:59.999000
2024-01-25 00:00:00,40069.86000000,40290.00000000,39523.69000000,39930.97000000,54.37907000,2024-01-25 23:59:59.999000
2024-01-26 00:00:00,39930.97000000,42193.81000000,39831.89000000,41800.02000000,128.57511000,2024-01-26 23:59:59.999000
2024-01-27 00:00:00,41801.23000000,42159.36000000,41413.79000000,42103.00000000,34.86381000,2024-01-27 23:59:59.999000
2024-01-28 00:00:00,42108.15000000,42814.07000000,41655.39000000,42063.04000000,61.59193000,2024-01-28 23:59:59.999000
2024-01-29 00:00:00,42033.94000000,43299.99000000,41843.97000000,43275.97000000,85.82408000,2024-01-29 23:59:59.999000
2024-01-30 00:00:00,43283.97000000,43800.00000000,42706.06000000,42983.77000000,70.57230000,2024-01-30 23:59:59.999000
2024-01-31 00:00:00,42969.43000000,43726.57000000,42075.00000000,42600.00000000,96.28622000,2024-01-31 23:59:59.999000
2024-02-01 00:00:00,42570.25000000,43271.42000000,41911.49000000,43085.14000000,111.87772000,2024-02-01 23:59:59.999000
2024-02-02 00:00:00,43087.86000000,43458.22000000,42588.68000000,43198.29000000,58.97192000,2024-02-02 23:59:59.999000
2024-02-03 00:00:00,43198.30000000,43379.36000000,42900.00000000,42975.14000000,30.91661000,2024-02-03 23:59:59.999000
2024-02-04 00:00:00,43024.81000000,43100.00000000,42378.54000000,42571.73000000,35.87544000,2024-02-04 23:59:59.999000
2024-02-05 00:00:00,42585.03000000,43537.69000000,42338.39000000,42701.18000000,71.02396000,2024-02-05 23:59:59.999000
2024-02-06 00:00:00,42726.18000000,43370.33000000,42571.28000000,43106.39000000,60.21508000,2024-02-06 23:59:59.999000
2024-02-07 00:00:00,43114.30000000,44352.00000000,42789.07000000,44346.10000000,93.23569000,2024-02-07 23:59:59.999000
2024-02-08 00:00:00,44320.30000000,45577.35000000,44320.30000000,45313.39000000,75.72320000,2024-02-08 23:59:59.999000
2024-02-09 00:00:00,45313.16000000,48088.70000000,45257.34000000,47091.85000000,158.19887000,2024-02-09 23:59:59.999000
2024-02-10 00:00:00,47091.87000000,48117.77000000,46875.94000000,47775.49000000,40.92230000,2024-02-10 23:59:59.999000
2024-02-11 00:00:00,47770.00000000,48510.59000000,47601.14000000,48247.73000000,73.81687000,2024-02-11 23:59:59.999000
2024-02-12 00:00:00,48248.36000000,50246.21000000,47734.40000000,49947.62000000,149.52440000,2024-02-12 23:59:59.999000
2024-02-13 00:00:00,49931.80000000,50322.00000000,48204.60000000,49738.87000000,130.99965000,2024-02-13 23:59:59.999000
2024-02-14 00:00:00,49698.02000000,52000.00000000,49338.00000000,51759.58000000,145.89177000,2024-02-14 23:59:59.999000
2024-02-15 00:00:00,51768.04000000,52793.00000000,51340.30000000,51901.75000000,131.65890000,2024-02-15 23:59:59.999000
2024-02-16 00:00:00,51855.33000000,52523.16000000,51600.00000000,52132.09000000,89.73123000,2024-02-16 23:59:59.999000
2024-02-17 00:00:00,52151.67000000,52181.21000000,50645.33000000,51670.97000000,53.57423000,2024-02-17 23:59:59.999000
2024-02-18 00:00:00,51644.37000000,52300.08000000,51191.46000000,52120.00000000,38.28548000,2024-02-18 23:59:59.999000
2024-02-19 00:00:00,52120.00000000,52427.44000000,51700.00000000,51751.84000000,54.94769000,2024-02-19 23:59:59.999000
2024-02-20 00:00:00,51751.95000000,52850.00000000,50779.54000000,52250.08000000,101.21539000,2024-02-20 23:59:59.999000
2024-02-21 00:00:00,52285.22000000,52361.01000000,50653.13000000,51821.06000000,65.06172000,2024-02-21 23:59:59.999000
2024-02-22 00:00:00,51865.96000000,52018.79000000,50977.67000000,51348.64000000,58.81362000,2024-02-22 23:59:59.999000
2024-02-23 00:00:00,51317.14000000,51521.02000000,50551.87000000,50754.22000000,45.59659000,2024-02-23 23:59:59.999000
2024-02-24 00:00:00,50728.34000000,51664.32000000,50601.49000000,51562.84000000,36.00047000,2024-02-24 23:59:59.999000
2024-02-25 00:00:00,51562.27000000,51903.00000000,51324.56000000,51745.00000000,39.84299000,2024-02-25 23:59:59.999000
2024-02-26 00:00:00,51745.00000000,54834.17000000,50930.04000000,54489.99000000,140.43632000,2024-02-26 23:59:59.999000
2024-02-27 00:00:00,54447.09000000,57500.00000000,54447.03000000,57067.00000000,184.35812000,2024-02-27 23:59:59.999000
2024-02-28 00:00:00,57067.00000000,63583.26000000,56719.85000000,62413.39000000,366.34648000,2024-02-28 23:59:59.999000
2024-02-29 00:00:00,62495.88000000,63500.00000000,60409.17000000,61125.22000000,191.13411000,2024-02-29 23:59:59.999000
2024-03-01 00:00:00,61188.91000000,62817.48000000,60755.00000000,62394.58000000,88.17028000,2024-03-01 23:59:59.999000
2024-03-02 00:00:00,62412.48000000,62434.25000000,61550.00000000,62006.35000000,64.96801000,2024-03-02 23:59:59.999000
2024-03-03 00:00:00,62006.33000000,63154.47000000,61365.23000000,63068.89000000,55.23981000,2024-03-03 23:59:59.999000
2024-03-04 00:00:00,63068.89000000,68309.21000000,62425.78000000,68152.44000000,191.47634000,2024-03-04 23:59:59.999000
2024-03-05 00:00:00,68049.92000000,68965.91000000,58618.00000000,63830.27000000,320.09433000,2024-03-05 23:59:59.999000
2024-03-06 00:00:00,63830.11000000,67573.80000000,62800.00000000,66193.80000000,140.72554000,2024-03-06 23:59:59.999000
2024-03-07 00:00:00,66193.80000000,67901.14000000,65700.01000000,66845.27000000,99.20372000,2024-03-07 23:59:59.999000
2024-03-08 00:00:00,66845.00000000,69845.00000000,66125.30000000,68163.76000000,179.93111400,2024-03-08 23:59:59.999000
2024-03-09 00:00:00,68152.22000000,68539.44000000,67400.00000000,68309.00000000,44.41091000,2024-03-09 23:59:59.999000
2024-03-10 00:00:00,68351.49000000,69999.00000000,68150.00000000,68978.46000000,101.72577000,2024-03-10 23:59:59.999000
2024-03-11 00:00:00,68919.36000000,72754.15000000,67800.00000000,72115.58000000,164.64562000,2024-03-11 23:59:59.999000
2024-03-12 00:00:00,72119.15000000,72945.19000000,69008.63000000,71420.43000000,116.84886000,2024-03-12 23:59:59.999000
2024-03-13 00:00:00,71469.96000000,73559.04000000,71355.77000000,73020.03000000,103.44826000,2024-03-13 23:59:59.999000
2024-03-14 00:00:00,73108.44000000,73779.26000000,68992.81000000,71389.23000000,146.54703000,2024-03-14 23:59:59.999000
2024-03-15 00:00:00,71405.00000000,72387.23000000,66037.11000000,69506.22000000,190.19712000,2024-03-15 23:59:59.999000
2024-03-16 00:00:00,69519.30000000,70000.90000000,64700.00000000,65354.59000000,79.27654000,2024-03-16 23:59:59.999000
2024-03-17 00:00:00,65269.94000000,68850.85000000,64572.53000000,68397.90000000,80.34426000,2024-03-17 23:59:59.999000
2024-03-18 00:00:00,68397.89000000,68868.58000000,66585.49000000,67562.87000000,61.92561000,2024-03-18 23:59:59.999000
2024-03-19 00:00:00,67562.87000000,68000.00000000,61587.35000000,62057.44000000,210.30809000,2024-03-19 23:59:59.999000
2024-03-20 00:00:00,61920.49000000,67957.59000000,60802.51000000,67630.03000000,151.49905000,2024-03-20 23:59:59.999000
2024-03-21 00:00:00,67719.39000000,68045.52000000,64605.53000000,65513.13000000,56.10592000,2024-03-21 23:59:59.999000
2024-03-22 00:00:00,65448.72000000,66535.65000000,62339.49000000,63811.92000000,71.36894000,2024-03-22 23:59:59.999000
2024-03-23 00:00:00,63811.05000000,65961.38000000,63063.08000000,64041.82000000,52.13540000,2024-03-23 23:59:59.999000
2024-03-24 00:00:00,64041.73000000,67439.74000000,63815.35000000,67173.00000000,39.91476000,2024-03-24 23:59:59.999000
2024-03-25 00:00:00,67180.40000000,71043.93000000,66306.57000000,69853.45000000,123.64859000,2024-03-25 23:59:59.999000
2024-03-26 00:00:00,69868.60000000,71365.19000000,69324.13000000,69983.99000000,56.22012000,2024-03-26 23:59:59.999000
2024-03-27 00:00:00,69948.59000000,71668.99000000,68582.93000000,69790.68000000,49.38067000,2024-03-27 23:59:59.999000
